,,family,warning,primary,focused,call,spent,experience,approach,national,attended,hopeful,attempt,strongest,sabotage,opponent,float,present,horrible,supposed,picnic,closer,advantage,center,complaint,cover,chief,facing,stark,contrast,edge,losing,half,best,undeniable,lower,familiar,social,noted,fired,leftist,reveal,father,formal,personal,younger,federal,fellow,effective,minimum,deal,visit,confront,review,different,influenced,solid,steady,lackluster,elevate,gun,spend,care,wrong,bad,strong,sweet,dealing,nothing,easy,teeth,diplomatic,shut,fake,propaganda,secure,hilarious,total,positive,persistent,ethical,available,behalf,ordinary,lack,context,save,giant,discuss,performs,overwhelming,guess,confident,welcome,troubled,awful,terrible,supposedly,televised,attend,wonder,individual,tighter,everyday,pivotal,larger,touch,protect,least,important,potential,green,tells,nobody,additional,definitive,score,gratuitous,poor,corporate,sit,passionate,great,interrupted,low,mediocre,moderate,vague,highest,advanced,mistake,minute,understood,nature,true,discern,rant,demonic,driven,innocent,none,loud,distant,view,young,insult,tense,grand,incredible,friendship,perfect,unique,boring,conventional,surprising,lighthearted,comedic,eldest,live,aftermath,immediate,funding,structural,bold,brutal,life,daily,peak,popular,worse,sometimes,fierce,love,sends,scant,civil,norm,mean,slight,shameful,suburban,southern,comfortable,defeat,improve,striking,friendly,enjoy,flat,promising,upcoming,guy,trust,racist,stronger,dark,noticeable,dear,modern,rival,oldest,legitimate,brought,notable,emotional,congratulate,terrorist,justice,bin,sensitive,light,natural,eastern,applied,sat,broadcast,acting,dishonest,observed,wanted,outfit,faced,cut,bottom,future,proof,excellent,write,counterpart,arrangement,helps,sacred,looks,interpreted,worst,transparent,fresh,ultimate,inspired,betrayal,root,faith,looked,greatest,instrumental,award,overcome,broader,unprecedented,utilized,dismiss,kill,survive,mainstream,credibility,plain,seamy,publish,granted,reality,weekly,simple,enormous,contacted,alike,deserved,surprise,misleading,appropriate,stern,impact,removed,servant,disagree,mutual,seat,bunch,optical,powerful,investigative,iconic,domestic,furious,editorial,happy,theory,ridiculous,inappropriate,thoroughly,northern,necessary,classic,sex,profound,probable,deep,sucked,economic,drowsy,shady,drum,virtual,vicious,ethic,journalistic,email,convict,undercover,comparable,rough,loved,hated,surprised,proud,offensive,retired,utterly,obvious,fateful,nefarious,sacrifice,unnamed,stylish,nonsense,quest,tremendous,painful,blame,avoid,walk,repugnant,ethereal,works,negotiate,walked,beautiful,uncertain,murdered,active,march,boss,archive,worship,supporting,color,lose,delve,crucial,certainty,represent,blend,favorite,underdog,matched,understands,effectiveness,fail,fine,complete,aforementioned,mess,fought,affect,candid,representative,gay,drama,flamboyant,diagnosed,widespread,touched,stupid,vulnerable,weak,silent,extraordinary,tragic,tragedy,accurate,drunk,determined,diminish,dream,precious,inner,astonishing,wary,sentiment,hefty,fat,signature,promote,oral,rural,subsequent,material,captured,bias,leak,small,intent,invite,wondering,unhappy,dumb,definite,lone,touching,unstoppable,ripe,vivid,prominent,urgent,unexpected,loyalty,controversial,steadily,sincere,disappointed,struggle,identify,net,absent,pathological,tear,vocal,earliest,damn,logic,internal,pray,chest,robust,energetic,vibrant,fun,scare,undergoing,treat,blitz,drastic,fortunate,doctors,pleasure,eliminate,heartfelt,pleased,demographic,dubbed,seventh,outsider,marijuana,outstanding,subtle,sympathetic,pays,stick,existential,sweeping,frenetic,vigorous,engagement,memorable,flesh,endless,con,documentary,icon,synonymous,human,recognize,tour,lean,paint,conscious,advice,diverse,sum,famous,downhill,sophisticated,lifetime,sponsor,absurd,immigrant,hometown,sharp,youtube,greed,essential,formidable,sexist,gross,greater,glad,lake,eradicate,understanding,affected,hardest,convicted,deeper,ruthless,inspiring,forceful,ugliness,remake,category,abhorrent,depend,swift,derogatory,dystopian,educated,powerless,happiness,switch,impressed,props,downtown,bus,delighted,decent,stalwart,traditional,desire,tired,beloved,commanding,united,contempt,anniversary,learned,opposite,switched,spark,liked,farmer,embarrassing,combination,cultural,extremist,academic,mercenary,phase,interior,thirty,encouraging,historic,poverty,intense,marry,physical,sorry,grateful,lacked,biography,project,explicit,complex,era,disabled,educational,pregnant,tale,environmental,tighten,considerable,bleak,knowledgeable,reminiscent,temporary,analyzed,maximum,woke,convoluted,clash,matriarch,discovered,saved,referred,elementary,tangible,dismal,emphasizes,electronic,suppose,disappointing,imprisoned,peculiar,cheap,competent,stunning,childhood,handsome,plastic,frankly,organize,amazing,ignorant,document,narrow,gain,overheard,joke,fearless,tears,artist,images,rare,relate,magnificent,shoot,scam,oriented,visual,exploitation,athlete,landmark,wonderful,skip,insistent,lovely,paused,raucous,summary,businessman,dynamic,guilt,dazzling,calm,perspective,accomplished,explosive,influential,loyal,operate,buys,displayed,ride,urban,bag,recommend,essence,shy,quiet,unrest,legendary,rife,someday,thrown,squeaky,hammer,screams,mixed,plot,inept,navigate,van,remarkable,slightest,tight,genuine,defiant,monetary,unspoken,keen,unfit,reserved,belong,unusual,ulterior,wild,born,bare,nominated,traced,epic,sweep,embodiment,satisfied,ruined,wider,humane,decisive,showdown,confidante,volatile,bitter,shine,revamped,strict,smaller,accessible,appreciate,lengths,compelling,newest,married,singing,hottest,warm,underlying,standout,unnoticed,integrated,failure,separated,remembered,provocative,impressive,predictable,modest,rapid,predicament,bent,universe,paced,unfortunately,unexplained,spare,reflective,sole,ideal,dated,brisk,junior,rounded,patient,animated,empty,recommended,basketball,sublime,fascinating,awe,wrestle,compassionate,smile,vocabulary,blatant,chaotic,inexorable,whirlwind,territory,gradual,discernible,stellar,unpredictable,frozen,okay,methodical,format,rational,unwilling,rewrite,unfolding,overt,epitome,blunt,respective,unsuccessful,intensity,reasonable,unpleasant,tepid,generous,unveiling,scrappy,shed,timid,load,slippery,clan,straightforward,stumble,messy,adult,dry,problematic,accidental,atmosphere,zombie,portrays,homicide,characterized,monumental,terrific,brilliant,photographed,bother,appreciated,impassioned,pathetic,solitary,potty,imposing,distorted,sky,amiable,laughable,slice,enjoyed,arranged,childish,colorful,goodbye,draws,dumbest,thrust,rent,triple,destruction,fabric,roof,reign,dread,grim,innumerable,unforgivable,midwest,elderly,bike,mobile,stable,arrival,explore,starving,vulgar,spiritual,enable,lovable,dump,refreshing,episodes,rental,realistic,seriousness,inconsequential,lemonade,pleasant,irrelevant,smooth,kindly,industrial,neglect,proverbial,warn,web,pitiful,autobiographical,bash,tedious,charismatic,intelligent,outward,stoic,antagonist,epiphany,remote,parallel,frontal,thoughtful,ferocious,gunshot,kindness,trash,poignant,ankle,technicality,compelled,chronic,spy,consumed,unrealistic,consecutive,streak,unravel,billed,smallest,lazy,delicate,innocence,nevertheless,patriotic,insightful,detour,lowest,premise,amidst,noise,insulting,shoddy,naked,lucky,authentic,harrowing,random,orthodox,singular,verbal,incapable,collect,suitable,savior,magic,idiot,dreams,ego,yesteryear,wardrobe,uncommon,bomb,implausible,affluent,nascent,distinctive,waitress,literal,palpable,install,casual,frantic,scary,prey,lifestyle,gamble,stab,horror,satisfying,uplifting,meteoric,efficient,unnecessary,somewhere,crisp,satisfy,reboot,momentary,courageous,tempting,genteel,whereabouts,elusive,feisty,electrical,undercurrent,ensemble,generic,cerebral,prolific,needle,purposeful,minor,choppy,sniper,clearer,shower,youthful,forest,psychological,polished,nightmarish,cry,musical,resentment,superb,stranger,downside,imagery,script,unknowns,charm,hid,lieutenant,unanswered,irascible,daddy,speculative,satellite,thin,cynical,instrument,restored,square,personable,flip,lighter,underappreciated,nastiest,intimate,narcissistic,onset,achievement,monkey,unfold,advertised,sequel,nonexistent,vertical,prevail,sluggish,recast,morale,behavioral,coarse,lukewarm,poorly,ship,fragile,dysfunctional,bevy,memoir,combines,integrate,nonsensical,peaceful,careless,ridiculousness,nutty,depicted,exceptional,reap,bundle,minimal,optimistic,cleaner,annoyed,virulent,flash,fictitious,relaxed,sadness,darkest,dealt,assaults,appreciative,fool,unheard,ambiguous,makeup,revolutionary,admired,lonely,hyped,exile,madness,suburbs,clumsy,stillness,automatic,rightful,upbeat,flaws,stereotypical,chuckle,whistle,pointless,ramble,vile,imaginary,irresistible,caricature,prophet,chew,vintage,tricky,spoof,glimpse,slack,adapted,fantasy,celebratory,gamut,adjust,underline,beauty,inimitable,studied,respectful,visceral,purse,instant,fulfillment,sloppy,uncompromising,runaway,meticulous,inhuman,grapple,perceptive,scariest,interplay,exuberant,stuffy,underwear,chased,contemporary,disappear,broaden,elegant,drift,trained,perceive,infinite,unnecessarily,truths,genius,offbeat,operatic,theatrical,deter,interact,feuding,danced,surreal,climactic,pessimistic,tumble,spectacular,ninth,twisted,watchable,relish,wry,wise,lavish,riveting,raw,export,toys,click,hybrid,experiment,lyrical,winter,richness,dreary,understated,pour
Bloomberg,Biden,1.0,1.0,1.0,1.0,,,,,,,,,,,,,,,,,,,,,,,,,,,,,,,,,,,,,,,,,,,,,,,,,,,,,,,,,,,,,,,,,,,,,,,,,,,,,,,,,,,,,,,,,,,,,,,,,,,,,,,,,,,,,,,,,,,,,,,,,,,,,,,,,,,,,,,,,,,,,,,,,,,,,,,,,,,,,,,,,,,,,,,,,,,,,,,,,,,,,,,,,,,,,,,,,,,,,,,,,,,,,,,,,,,,,,,,,,,,,,,,,,,,,,,,,,,,,,,,,,,,,,,,,,,,,,,,,,,,,,,,,,,,,,,,,,,,,,,,,,,,,,,,,,,,,,,,,,,,,,,,,,,,,,,,,,,,,,,,,,,,,,,,,,,,,,,,,,,,,,,,,,,,,,,,,,,,,,,,,,,,,,,,,,,,,,,,,,,,,,,,,,,,,,,,,,,,,,,,,,,,,,,,,,,,,,,,,,,,,,,,,,,,,,,,,,,,,,,,,,,,,,,,,,,,,,,,,,,,,,,,,,,,,,,,,,,,,,,,,,,,,,,,,,,,,,,,,,,,,,,,,,,,,,,,,,,,,,,,,,,,,,,,,,,,,,,,,,,,,,,,,,,,,,,,,,,,,,,,,,,,,,,,,,,,,,,,,,,,,,,,,,,,,,,,,,,,,,,,,,,,,,,,,,,,,,,,,,,,,,,,,,,,,,,,,,,,,,,,,,,,,,,,,,,,,,,,,,,,,,,,,,,,,,,,,,,,,,,,,,,,,,,,,,,,,,,,,,,,,,,,,,,,,,,,,,,,,,,,,,,,,,,,,,,,,,,,,,,,,,,,,,,,,,,,,,,,,,,,,,,,,,,,,,,,,,,,,,,,,,,,,,,,,,,,,,,,,,,,,,,,,,,,,,,,,,,,,,,,,,,,,,,,,,,,,,,,,,,,,,,,,,,,,,,,,,,,,,,,,,,,,,,,,,,,,,,,,,,,,,,,,,,,,,,,,,,,,,,,,,,,,,,,,,,,,,,,,,,,,,,,,,,,,,,,,,,,,,,,,,,,,,,,,,,,,,,,,,,,,,,,,,,,,,,,,,,,,,,,,,,,,,,,,,,,,,,,,,,,,,,,,,,,,,,,,,,,,,,,,,,,,,,,,,,,,,,,,,,,,,,,,,,,,,,,,,,,,,,,,,,,,,,,,,,,,,,,,,,,,,,,,,,,,,,,,,,,,,,,,,,,,,,,,,,,,,,,,,,,,,,,,,,,,,,,,,,
Bloomberg,Warren,,,,,1.0,1.0,1.0,1.0,,,,,,,,,,,,,,,,,,,,,,,,,,,,,,,,,,,,,,,,,,,,,,,,,,,,,,,,,,,,,,,,,,,,,,,,,,,,,,,,,,,,,,,,,,,,,,,,,,,,,,,,,,,,,,,,,,,,,,,,,,,,,,,,,,,,,,,,,,,,,,,,,,,,,,,,,,,,,,,,,,,,,,,,,,,,,,,,,,,,,,,,,,,,,,,,,,,,,,,,,,,,,,,,,,,,,,,,,,,,,,,,,,,,,,,,,,,,,,,,,,,,,,,,,,,,,,,,,,,,,,,,,,,,,,,,,,,,,,,,,,,,,,,,,,,,,,,,,,,,,,,,,,,,,,,,,,,,,,,,,,,,,,,,,,,,,,,,,,,,,,,,,,,,,,,,,,,,,,,,,,,,,,,,,,,,,,,,,,,,,,,,,,,,,,,,,,,,,,,,,,,,,,,,,,,,,,,,,,,,,,,,,,,,,,,,,,,,,,,,,,,,,,,,,,,,,,,,,,,,,,,,,,,,,,,,,,,,,,,,,,,,,,,,,,,,,,,,,,,,,,,,,,,,,,,,,,,,,,,,,,,,,,,,,,,,,,,,,,,,,,,,,,,,,,,,,,,,,,,,,,,,,,,,,,,,,,,,,,,,,,,,,,,,,,,,,,,,,,,,,,,,,,,,,,,,,,,,,,,,,,,,,,,,,,,,,,,,,,,,,,,,,,,,,,,,,,,,,,,,,,,,,,,,,,,,,,,,,,,,,,,,,,,,,,,,,,,,,,,,,,,,,,,,,,,,,,,,,,,,,,,,,,,,,,,,,,,,,,,,,,,,,,,,,,,,,,,,,,,,,,,,,,,,,,,,,,,,,,,,,,,,,,,,,,,,,,,,,,,,,,,,,,,,,,,,,,,,,,,,,,,,,,,,,,,,,,,,,,,,,,,,,,,,,,,,,,,,,,,,,,,,,,,,,,,,,,,,,,,,,,,,,,,,,,,,,,,,,,,,,,,,,,,,,,,,,,,,,,,,,,,,,,,,,,,,,,,,,,,,,,,,,,,,,,,,,,,,,,,,,,,,,,,,,,,,,,,,,,,,,,,,,,,,,,,,,,,,,,,,,,,,,,,,,,,,,,,,,,,,,,,,,,,,,,,,,,,,,,,,,,,,,,,,,,,,,,,,,,,,,,,,,,,,,,,,,,,,,,,,,,,,,,,,,,,,,,,,,,,,,,,,,,,,,,,,,,,,,,,,,,,,,,,,,,,
Breitbart News,Bernie,1.0,,15.0,,9.0,4.0,1.0,1.0,10.0,1.0,13.0,2.0,1.0,,2.0,,,,2.0,,,5.0,1.0,3.0,,,2.0,,1.0,3.0,2.0,5.0,12.0,1.0,1.0,,5.0,2.0,,,,,9.0,1.0,2.0,8.0,8.0,,3.0,,3.0,,2.0,2.0,,1.0,,,,2.0,1.0,13.0,3.0,2.0,8.0,,,2.0,,,,,,,,,3.0,,,,,1.0,1.0,2.0,,2.0,,1.0,,,1.0,1.0,,,,2.0,,1.0,1.0,,3.0,1.0,,,1.0,,,3.0,1.0,6.0,,1.0,2.0,5.0,1.0,,,,9.0,2.0,1.0,5.0,,,,1.0,,,,,2.0,1.0,3.0,,,,,,,,,3.0,5.0,3.0,,,1.0,1.0,,,,,,1.0,,,,1.0,,1.0,2.0,,1.0,,4.0,1.0,,,3.0,1.0,1.0,4.0,,,1.0,,2.0,1.0,,,,,6.0,,5.0,,,,3.0,4.0,,3.0,6.0,,,,,4.0,,1.0,,3.0,,,,1.0,7.0,,,,,,,2.0,4.0,,,,,,2.0,4.0,4.0,2.0,,4.0,1.0,,,1.0,,4.0,,,,,,2.0,,,,,1.0,,,,1.0,,,1.0,,,,,1.0,,,,5.0,1.0,,3.0,,,,,,,,4.0,,,2.0,,,,,6.0,,,,,,1.0,,1.0,,,,1.0,,,1.0,,,,4.0,,,,,,,,5.0,,,,,,,,5.0,,,,1.0,,,,,,,,,,,,,,,,,,,,,,1.0,,,,1.0,2.0,2.0,,,,2.0,,1.0,1.0,,5.0,,1.0,,,,,1.0,2.0,,,,,,,,,,,,,,,,,,4.0,1.0,2.0,,,,,2.0,,,,2.0,,,,,,1.0,,,,1.0,,,1.0,,,1.0,,,,,,,1.0,2.0,1.0,1.0,1.0,1.0,4.0,5.0,1.0,1.0,1.0,3.0,1.0,3.0,1.0,1.0,1.0,11.0,2.0,2.0,1.0,1.0,1.0,2.0,3.0,1.0,1.0,1.0,6.0,1.0,4.0,1.0,3.0,1.0,3.0,1.0,1.0,12.0,1.0,1.0,1.0,4.0,1.0,2.0,4.0,2.0,3.0,1.0,1.0,1.0,2.0,1.0,4.0,1.0,1.0,5.0,1.0,4.0,1.0,1.0,1.0,2.0,1.0,1.0,1.0,1.0,1.0,1.0,1.0,1.0,1.0,1.0,1.0,1.0,3.0,1.0,2.0,2.0,1.0,1.0,1.0,1.0,1.0,1.0,1.0,1.0,1.0,1.0,1.0,1.0,1.0,1.0,1.0,1.0,1.0,1.0,1.0,1.0,1.0,1.0,1.0,1.0,1.0,2.0,1.0,1.0,1.0,1.0,1.0,1.0,1.0,1.0,1.0,1.0,,,,,,,,,,,,,,,,,,,,,,,,,,,,,,,,,,,,,,,,,,,,,,,,,,,,,,,,,,,,,,,,,,,,,,,,,,,,,,,,,,,,,,,,,,,,,,,,,,,,,,,,,,,,,,,,,,,,,,,,,,,,,,,,,,,,,,,,,,,,,,,,,,,,,,,,,,,,,,,,,,,,,,,,,,,,,,,,,,,,,,,,,,,,,,,,,,,,,,,,,,,,,,,,,,,,,,,,,,,,,,,,,,,,,,,,,,,,,,,,,,,,,,,,,,,,,,,,,,,,,,,,,,,,,,,,,,,,,,,,,,,,,,,,,,,,,,,,,,,,,,,,,,,,,,,,,,,,,,,,,,,,,,,,,,,,,,,,,,,,,,,,,,,,,,,,,,,,,,,,,,,,,,,,,,,,,,,,,,,,,,,,,,,,,,,,,,,,,,,,,,,,,,,,,,,,,,,,,,,,,,,,,,,,,,,,,,,,,,,,,,,,,,,,,,,,,,,,,,,,,,,,,,,,,,,,,,,,,,,,,,,,,,,,,,,,,,,,,,,,,,,,,,,,,,,,,,,,,,,,,,,,,,,,,,,,,,,,,,,,,,,,,,,,,,,,,,,,,,,,,,,,,,,,,,,,,,,,,,,,,,,,,,,,,,,,,,,,,,,,,,,,,,,,,,,,
Breitbart News,Biden,41.0,4.0,40.0,6.0,88.0,8.0,10.0,2.0,23.0,3.0,26.0,13.0,1.0,1.0,8.0,1.0,1.0,11.0,16.0,1.0,3.0,9.0,16.0,25.0,7.0,15.0,4.0,2.0,3.0,3.0,6.0,2.0,10.0,1.0,2.0,8.0,8.0,19.0,30.0,2.0,3.0,47.0,9.0,15.0,48.0,12.0,5.0,1.0,1.0,27.0,13.0,10.0,5.0,11.0,4.0,2.0,4.0,2.0,1.0,19.0,3.0,3.0,14.0,14.0,8.0,2.0,4.0,34.0,1.0,3.0,2.0,2.0,5.0,1.0,2.0,1.0,4.0,2.0,1.0,1.0,1.0,7.0,1.0,11.0,12.0,2.0,7.0,19.0,1.0,2.0,1.0,1.0,2.0,2.0,3.0,5.0,6.0,2.0,1.0,4.0,4.0,1.0,2.0,1.0,5.0,2.0,22.0,8.0,3.0,19.0,1.0,5.0,3.0,4.0,1.0,2.0,1.0,15.0,2.0,6.0,2.0,6.0,4.0,2.0,1.0,4.0,3.0,3.0,4.0,3.0,2.0,5.0,3.0,7.0,1.0,1.0,1.0,1.0,1.0,5.0,1.0,1.0,5.0,6.0,2.0,1.0,1.0,2.0,4.0,2.0,1.0,1.0,1.0,5.0,1.0,1.0,1.0,1.0,2.0,5.0,5.0,1.0,1.0,1.0,8.0,1.0,1.0,1.0,3.0,2.0,2.0,4.0,3.0,2.0,7.0,1.0,4.0,3.0,5.0,1.0,2.0,1.0,2.0,1.0,1.0,3.0,1.0,3.0,2.0,2.0,12.0,1.0,1.0,3.0,1.0,1.0,1.0,2.0,5.0,1.0,4.0,8.0,3.0,1.0,2.0,2.0,15.0,2.0,3.0,4.0,15.0,7.0,20.0,6.0,20.0,7.0,3.0,1.0,17.0,2.0,4.0,4.0,5.0,1.0,4.0,1.0,2.0,8.0,2.0,1.0,2.0,7.0,1.0,2.0,2.0,2.0,2.0,2.0,2.0,3.0,2.0,10.0,2.0,3.0,1.0,1.0,1.0,5.0,2.0,2.0,2.0,1.0,3.0,7.0,6.0,1.0,1.0,2.0,5.0,1.0,3.0,2.0,1.0,1.0,1.0,1.0,1.0,6.0,1.0,1.0,4.0,1.0,1.0,1.0,3.0,3.0,1.0,1.0,3.0,1.0,2.0,1.0,1.0,3.0,3.0,3.0,4.0,2.0,2.0,1.0,2.0,1.0,2.0,1.0,1.0,1.0,3.0,1.0,7.0,1.0,1.0,1.0,1.0,2.0,4.0,1.0,1.0,1.0,1.0,1.0,1.0,1.0,1.0,1.0,1.0,2.0,5.0,1.0,1.0,1.0,2.0,1.0,1.0,1.0,2.0,1.0,1.0,5.0,1.0,1.0,1.0,1.0,1.0,2.0,1.0,1.0,1.0,2.0,1.0,1.0,1.0,1.0,3.0,3.0,1.0,1.0,1.0,1.0,2.0,1.0,1.0,1.0,1.0,1.0,1.0,1.0,2.0,1.0,2.0,1.0,1.0,1.0,3.0,1.0,1.0,1.0,1.0,1.0,1.0,2.0,1.0,1.0,1.0,1.0,1.0,1.0,3.0,1.0,1.0,2.0,1.0,1.0,1.0,1.0,1.0,1.0,1.0,1.0,1.0,1.0,2.0,1.0,1.0,1.0,2.0,1.0,1.0,1.0,1.0,1.0,2.0,1.0,1.0,1.0,1.0,1.0,1.0,1.0,1.0,1.0,1.0,1.0,1.0,1.0,1.0,,,,,,,,,,,,,,,,,,,,,,,,,,,,,,,,,,,,,,,,,,,,,,,,,,,,,,,,,,,,,,,,,,,,,,,,,,,,,,,,,,,,,,,,,,,,,,,,,,,,,,,,,,,,,,,,,,,,,,,,,,,,,,,,,,,,,,,,,,,,,,,,,,,,,,,,,,,,,,,,,,,,,,,,,,,,,,,,,,,,,,,,,,,,,,,,,,,,,,,,,,,,,,,,,,,,,,,,,,,,,,,,,,,,,,,,,,,,,,,,,,,,,,,,,,,,,,,,,,,,,,,,,,,,,,,,,,,,,,,,,,,,,,,,,,,,,,,,,,,,,,,,,,,,,,,,,,,,,,,,,,,,,,,,,,,,,,,,,,,,,,,,,,,,,,,,,,,,,,,,,,,,,,,,,,,,,,,,,,,,,,,,,,,,,,,,,,,,,,,,,,,,,,,,,,,,,,,,,,,,,,,,,,,,,,,,,,,,,,,,,,,,,,,,,,,,,,,,,,,,,,,,,,,,,,,,,,,,,,,,,,,,,,,,,,,,,,,,,,,,,,,,,,,,,,,,,,,,,,,,,,,,,,,,,,,,,,,,,,,,,,,,,,,,,,,,,,,,,,,,,,,,,,,,,,,,,,,,,,,,,,,,,,,,,,,,,,,,,,,,,,,,,,,,,,,,,,,,,,,,,,,,,,,,,,,,,,,,,,,,,,,,,,,,,,,,,,,,,,,,,,,,,,,,,,,,,,,,,,,,,,,,,,,,,,,,,,,,,,,,,,,,,,,,,,,,,,,,,,,,,,,,
Breitbart News,Kamala,8.0,,4.0,1.0,8.0,3.0,1.0,1.0,11.0,3.0,12.0,2.0,1.0,,,,1.0,,1.0,,,2.0,1.0,1.0,1.0,3.0,1.0,,,,,,1.0,,1.0,,4.0,,1.0,,,,,2.0,,1.0,1.0,,,2.0,,,,,,1.0,,,,1.0,1.0,2.0,,,,,,4.0,,,,,,,,,2.0,,,,,,,,,,1.0,,,,,,2.0,,,,,,3.0,,1.0,1.0,,,,1.0,5.0,2.0,,,1.0,1.0,,2.0,,,,3.0,1.0,,,1.0,,2.0,,,,1.0,,,,,,3.0,,,,,3.0,2.0,,2.0,,3.0,,,,,,1.0,,,,1.0,,,1.0,,,,2.0,,,,2.0,,,2.0,1.0,,,3.0,1.0,,,,,1.0,,,,,1.0,,1.0,,,,1.0,,,,3.0,,,1.0,,,1.0,2.0,,2.0,2.0,,,,10.0,,,1.0,1.0,,,,5.0,1.0,,,2.0,,,,,,,,,,,,,1.0,,,,,,,,,1.0,,3.0,,3.0,,,,,,,,1.0,,2.0,,,,1.0,,,,,,,,,,,,5.0,,1.0,,,,,1.0,,,1.0,,,,,,,,,,,,,,,,,,,,,1.0,,,4.0,1.0,,,,1.0,,,,1.0,,,1.0,,,,,,,,1.0,,,,1.0,,,,,2.0,1.0,,,,,,,,,3.0,,,2.0,,1.0,,,,,,,1.0,,,,1.0,,1.0,,,,,,,,,,,,,,,,1.0,,,,,,,,,,,,,,,,,,,,,,,,,,,,,,,,,1.0,,,,3.0,1.0,,,4.0,,,,,,,,,,,,,,,,,,,,3.0,,,,,,,,,1.0,2.0,,3.0,,,,,,1.0,,,,,,,,,,,,,,4.0,,,,,,,,,,,3.0,,,,,,,,,,,,2.0,,,,,,,,,,,,,,,,1.0,,,,,,3.0,,,1.0,,,,,1.0,1.0,,,,,,,,,1.0,,,,,,,,,,,,,,1.0,1.0,,,1.0,,1.0,1.0,,,1.0,,,,,,,,,,,,,,,,,,,,,,3.0,,,,,,,,,,,,1.0,1.0,1.0,1.0,4.0,1.0,1.0,1.0,1.0,1.0,2.0,2.0,2.0,1.0,1.0,1.0,1.0,1.0,1.0,1.0,1.0,1.0,1.0,1.0,1.0,1.0,1.0,2.0,2.0,,,,,,,,,,,,,,,,,,,,,,,,,,,,,,,,,,,,,,,,,,,,,,,,,,,,,,,,,,,,,,,,,,,,,,,,,,,,,,,,,,,,,,,,,,,,,,,,,,,,,,,,,,,,,,,,,,,,,,,,,,,,,,,,,,,,,,,,,,,,,,,,,,,,,,,,,,,,,,,,,,,,,,,,,,,,,,,,,,,,,,,,,,,,,,,,,,,,,,,,,,,,,,,,,,,,,,,,,,,,,,,,,,,,,,,,,,,,,,,,,,,,,,,,,,,,,,,,,,,,,,,,,,,,,,,,,,,,,,,,,,,,,,,,,,,,,,,,,,,,,,,,,,,,,,,,,,,,,,,,,,,,,,,,,,,,,,,,,,,,,,,,,,,,,,,,,,,,,,,,,,,,,,,,,,,,,,,,,,,,,,,,,,,,,,,,,,,,,,,,,,,,,,,,,,,,,,,,,,,,,,,,,,,,,,,,,,,,,,,,,,,,,,,,,,,,,,,,,,,,,,,,,,,,,,,,,,,,,,,,,,,,,,,,,,,,,,,,,,,,,,,,,,,,,,,,,,,,,,,
Breitbart News,Warren,9.0,,36.0,4.0,11.0,2.0,,1.0,18.0,7.0,14.0,3.0,1.0,,2.0,,1.0,,,,,2.0,1.0,1.0,2.0,1.0,2.0,4.0,7.0,,2.0,,7.0,,2.0,2.0,5.0,6.0,4.0,3.0,,1.0,,5.0,,11.0,4.0,,2.0,1.0,,,1.0,6.0,,2.0,2.0,,1.0,7.0,2.0,12.0,4.0,5.0,6.0,,,4.0,,,,2.0,1.0,,,,2.0,,,1.0,,2.0,,2.0,1.0,1.0,6.0,1.0,,1.0,,2.0,,,,1.0,2.0,2.0,4.0,,1.0,1.0,,,1.0,1.0,5.0,7.0,5.0,6.0,1.0,1.0,,2.0,,,,,1.0,1.0,1.0,5.0,1.0,,,,5.0,1.0,,1.0,,,,2.0,,,,,,,,,2.0,3.0,,,,,1.0,,1.0,,,,,,,4.0,,,5.0,5.0,2.0,2.0,3.0,2.0,1.0,1.0,1.0,4.0,,3.0,,,4.0,,3.0,2.0,,,1.0,,,1.0,3.0,1.0,,,7.0,1.0,5.0,2.0,,1.0,,,,,3.0,,,3.0,,,,,5.0,,,,,,,1.0,4.0,,1.0,1.0,3.0,,4.0,2.0,1.0,2.0,2.0,,,,,1.0,,3.0,,,,,1.0,3.0,,,6.0,,1.0,,,,1.0,,1.0,1.0,,,,,1.0,,1.0,,1.0,,,1.0,,,,1.0,1.0,,,2.0,,,,1.0,,,,1.0,,,1.0,1.0,,1.0,,,1.0,,,7.0,1.0,7.0,,,1.0,,5.0,,,,,,,,,1.0,,,,,,,,1.0,3.0,,3.0,,,,,,,,,,,3.0,,,,,,1.0,,,,,1.0,,,,2.0,2.0,1.0,,,1.0,1.0,,2.0,1.0,,,,,,1.0,,1.0,2.0,,,,,1.0,,,,,,3.0,,,1.0,,,1.0,,3.0,,2.0,1.0,,,,,,,,,,,,1.0,,,,,,,,,,,,,,,,,,,1.0,,,1.0,,1.0,2.0,,,,,1.0,,,,1.0,,,,,,,,,,,,,,,2.0,,,,,,,,1.0,,,,,3.0,,,,,,,,1.0,1.0,,,1.0,,,1.0,,,,,1.0,1.0,,,,,,2.0,,,,,1.0,,1.0,,,,,,1.0,2.0,,,,1.0,,,,1.0,,,,1.0,,,,,,,1.0,,1.0,,1.0,,,4.0,1.0,,1.0,1.0,1.0,1.0,1.0,2.0,1.0,1.0,1.0,1.0,1.0,1.0,1.0,4.0,1.0,5.0,1.0,2.0,3.0,1.0,1.0,1.0,2.0,1.0,2.0,2.0,4.0,3.0,3.0,1.0,1.0,2.0,2.0,1.0,1.0,1.0,2.0,3.0,4.0,1.0,1.0,1.0,1.0,1.0,1.0,2.0,3.0,1.0,1.0,1.0,1.0,1.0,1.0,2.0,2.0,1.0,1.0,1.0,1.0,1.0,1.0,1.0,1.0,1.0,2.0,,,,,,,,,,,,,,,,,,,,,,,,,,,,,,,,,,,,,,,,,,,,,,,,,,,,,,,,,,,,,,,,,,,,,,,,,,,,,,,,,,,,,,,,,,,,,,,,,,,,,,,,,,,,,,,,,,,,,,,,,,,,,,,,,,,,,,,,,,,,,,,,,,,,,,,,,,,,,,,,,,,,,,,,,,,,,,,,,,,,,,,,,,,,,,,,,,,,,,,,,,,,,,,,,,,,,,,,,,,,,,,,,,,,,,,,,,,,,,,,,,,,,,,,,,,,,,,,,,,,,,,,,,,,,,,,,,,,,,,,,,,,,,,,,,,,,,,,,,,,,,,,,,,,,,,,,,,,,,,,,,,,,,,,,,,,,,,,,,,,,,,,,,,,,,,,,,,,,,,,,,,,,,,,,,,,,,,,,,,,,,,,,,,,,,,,,,,,,,,,,,,,,,,,,,,,,,,,,,,,,,,,,,,,,,,,,,,,,,,,,,,,,,,,,,,,,,,,,,,,,,,,,,,,,,,,,,,,,,,,,,,,,,,,,,,,,,,,,,,,,,,,,,,,,,,,,,,,,,,,,,,,,,,,,,,,,,,,,,,,,,,,,,,,
CNN,Bernie,1.0,,17.0,,4.0,1.0,1.0,,5.0,,2.0,,,,,,,,,,1.0,,,,,2.0,,,,2.0,1.0,1.0,5.0,,5.0,5.0,2.0,,,,,,,2.0,1.0,2.0,3.0,,1.0,4.0,5.0,,1.0,6.0,1.0,,1.0,,,2.0,2.0,11.0,,,2.0,,,1.0,,,,,,,,,3.0,,,,,,,1.0,,1.0,,,,1.0,,,4.0,,,1.0,,,,,4.0,,,,1.0,,1.0,10.0,5.0,2.0,,,1.0,,,,,,2.0,,,3.0,,,,2.0,,2.0,,,,1.0,3.0,,,,,1.0,,,,,1.0,2.0,,,,,,1.0,,,,,,,,1.0,,2.0,1.0,,,,1.0,,,2.0,,,1.0,,,,1.0,,3.0,,,,,,1.0,,2.0,,,,,,1.0,3.0,,,,,,,,1.0,,1.0,1.0,,,,2.0,,,,,,,1.0,,,,,,,,,1.0,1.0,,1.0,,,,,,,,,,,,,,,,1.0,,,,1.0,2.0,,,1.0,,,1.0,,,,,,,,,,,,,2.0,,2.0,,,1.0,,,,,,,1.0,,,,,,2.0,1.0,,,,,,,,,,,,,,,,,,,,,,,,,,,,1.0,,,,1.0,,,,,,,,1.0,,,,,,,,,,,,,1.0,,,,,1.0,4.0,,,,,3.0,,,,,,,,,,,,1.0,,,,,,,1.0,,,,1.0,,,,,,,,,,,,,,,1.0,1.0,,4.0,,,,,,,,,2.0,,,,,,,1.0,,,,,,1.0,,,1.0,,,,2.0,,1.0,1.0,,,,,2.0,,3.0,,,1.0,,,,1.0,,,,,,4.0,,3.0,,,,,,,3.0,1.0,,,,,,2.0,,,,,,,,,,,2.0,2.0,3.0,,,,,2.0,,1.0,,,,,,,1.0,1.0,,,,,,,,,,,1.0,1.0,,1.0,,,,,,,,,,,,,,,,,,,1.0,,1.0,,,,,1.0,,,,,,1.0,,,,,,,,,,,,,,,,,,,,,,,,,,,,,,,,,,,,,,,,,2.0,,,,,1.0,,1.0,,1.0,,,,,,,,,,,,,,,,,,,,,,1.0,,,,1.0,1.0,,,,,,,,,,,,,,,,,2.0,,,,,,,,,2.0,,,,,,,,,,2.0,,,,,,,,,,,,,,,,,,1.0,,,,,,,,,,,1.0,1.0,1.0,1.0,2.0,1.0,1.0,2.0,1.0,1.0,1.0,1.0,1.0,1.0,1.0,1.0,1.0,1.0,1.0,1.0,1.0,1.0,1.0,1.0,1.0,1.0,,,,,,,,,,,,,,,,,,,,,,,,,,,,,,,,,,,,,,,,,,,,,,,,,,,,,,,,,,,,,,,,,,,,,,,,,,,,,,,,,,,,,,,,,,,,,,,,,,,,,,,,,,,,,,,,,,,,,,,,,,,,,,,,,,,,,,,,,,,,,,,,,,,,,,,,,,,,,,,,,,,,,,,,,,,,,,,,,,,,,,,,,,,,,,,,,,,,,,,,,,,,,,,,,,,,,,,,,,,,,,,,,,,,,,,,,,,,,,,,,,,,,,,,,,,,,,,,,,,,,,,,,,,,,,,,,,,,,,,,,,,,,,,,,,,,,,,,,,,,,,,,,,,,,,,,,,,,,,,,,,,,,,,,,,,,,,,,,,,,,,,,,,,,,,,,,,,,,,,,,,,,,,,,,,,,,,,,,,,,,,,,,,,,,,,,,,,,,,,,,,,,,,,,,,,,,,,,,,,,,,,,,,,,,,,,,,,,,,,,
CNN,Biden,27.0,2.0,19.0,7.0,102.0,12.0,3.0,5.0,17.0,,2.0,4.0,5.0,,9.0,,1.0,3.0,1.0,,4.0,4.0,7.0,18.0,8.0,3.0,3.0,1.0,,4.0,3.0,1.0,19.0,,,21.0,5.0,3.0,4.0,,,8.0,5.0,28.0,6.0,7.0,2.0,1.0,1.0,3.0,7.0,,4.0,4.0,1.0,1.0,1.0,1.0,,5.0,3.0,4.0,12.0,6.0,5.0,,1.0,15.0,1.0,,2.0,2.0,2.0,1.0,2.0,,4.0,1.0,,,5.0,3.0,,3.0,1.0,,,11.0,1.0,,,1.0,3.0,1.0,1.0,,,,1.0,,3.0,,1.0,,2.0,3.0,5.0,10.0,2.0,38.0,,3.0,,1.0,,1.0,,,,2.0,,5.0,,2.0,,4.0,2.0,1.0,,1.0,,3.0,,3.0,,,,2.0,,2.0,,,4.0,6.0,,,,1.0,,1.0,1.0,,1.0,3.0,,,,,1.0,1.0,,,,,5.0,1.0,,,1.0,1.0,1.0,,,,,,2.0,1.0,,,,2.0,1.0,,1.0,,,,3.0,,2.0,1.0,,,,,,2.0,22.0,,,8.0,3.0,,,,1.0,,,4.0,18.0,1.0,1.0,5.0,2.0,2.0,2.0,,17.0,,3.0,1.0,4.0,1.0,6.0,,1.0,6.0,2.0,,,5.0,2.0,,2.0,1.0,2.0,1.0,,2.0,,3.0,3.0,,,,1.0,3.0,,2.0,,,,5.0,1.0,,,,,,1.0,,,,,2.0,,1.0,,3.0,7.0,,,,2.0,,,,,,3.0,,,1.0,7.0,,,,,,1.0,,,,2.0,1.0,2.0,,,1.0,,,,,1.0,,,,12.0,,,,,1.0,,,,,2.0,,,,,1.0,1.0,,1.0,4.0,,,,,,,,1.0,,2.0,,1.0,,,1.0,1.0,2.0,,2.0,,1.0,,,,,,,,1.0,,,,,,,,,,,,2.0,,,4.0,2.0,2.0,3.0,,1.0,,,,,,,,,2.0,,,,,,,,2.0,,,,,3.0,4.0,,,,,,1.0,,,,,2.0,1.0,,,2.0,,,,,,,,,,,,1.0,,3.0,,1.0,,,,,,1.0,,1.0,,,,,2.0,,,,1.0,,,,,,,,,,,,,1.0,,,,,,1.0,,,,1.0,1.0,,,1.0,,,,,,,,1.0,,1.0,2.0,,,,,,7.0,,,,,1.0,1.0,,1.0,,,,,,,,,1.0,2.0,,,,,,,,,,,,,,2.0,5.0,,,,2.0,,,2.0,1.0,,,,,,,,,,,,,,4.0,,,2.0,,,,,,,,2.0,1.0,,,,,,1.0,,,,,1.0,2.0,1.0,,,,2.0,,,,1.0,,,,,,,3.0,,,,,,,,,,,1.0,,2.0,,3.0,,,,,,,,,,,,,,,,,,,1.0,1.0,2.0,1.0,2.0,6.0,1.0,1.0,1.0,1.0,2.0,1.0,1.0,1.0,2.0,2.0,1.0,1.0,1.0,1.0,1.0,3.0,3.0,1.0,1.0,1.0,2.0,1.0,1.0,1.0,2.0,1.0,1.0,1.0,1.0,1.0,1.0,1.0,1.0,1.0,1.0,1.0,1.0,1.0,1.0,1.0,1.0,1.0,1.0,1.0,1.0,1.0,1.0,,,,,,,,,,,,,,,,,,,,,,,,,,,,,,,,,,,,,,,,,,,,,,,,,,,,,,,,,,,,,,,,,,,,,,,,,,,,,,,,,,,,,,,,,,,,,,,,,,,,,,,,,,,,,,,,,,,,,,,,,,,,,,,,,,,,,,,,,,,,,,,,,,,,,,,,,,,,,,,,,,,,,,,,,,,,,,,,,,,,,,,,,,,,,,,,,,,,,,,,,,,,,,,,,,,,,,,,,,,,,,,,,,,,,,,,,,,,,,,,,,,,,,,,,,,,,,,,,,,,,,,,,,,,,,,,,,,,,,,,,,,,,,,,,,,,,,,,,,,,,,,,,,,,,,,,,,,,,,,,,,,,,,,,,,,,,,,,,,,,,,,,,,,,,,,,,,,,,,,,,,,,,,,,,,,,,,,,,,,,,,,,,,,,,,,,,,,,,,,,,,,,,,,,,,,,,,,,,,,,,,,,,,,,,,,,,,,,,,,,,,,,,,,,,,,,,,,,,,,,,,,,,,
CNN,Kamala,2.0,,3.0,1.0,4.0,,,,3.0,1.0,,2.0,1.0,,,,1.0,,,,,1.0,3.0,2.0,,1.0,,,,,,,2.0,,,,2.0,4.0,,,,,1.0,1.0,,,3.0,,,,,1.0,1.0,1.0,,,,,1.0,2.0,,1.0,,,3.0,,,1.0,1.0,,,1.0,,,,,1.0,,,,,,,,,2.0,1.0,,,,,,,,,2.0,,,1.0,,,,,,,,1.0,2.0,,,,1.0,1.0,,,,,,1.0,,,,,,,1.0,,1.0,,,,,,,,,,,,2.0,,,,,,,,,,,,,,1.0,,,,1.0,,,3.0,,,,,,,1.0,,1.0,,1.0,,,,,,,,,1.0,,,,,,,1.0,,,,,,,,,,,,,,2.0,1.0,,,,1.0,,,,,,,,,,,,,,,1.0,,,,,,,,,,1.0,,,,,,,,,,,,,1.0,,,,,,,,,,1.0,,,,,,,,,,,,,,,,,,,,,,,1.0,,,1.0,,,,,,,,,1.0,,,,,,,,,,,,,,,,,,,,,,1.0,1.0,,,,,,,,,,,,,,,,,,,,,,,,,,,,,,,3.0,,,,,1.0,,,,,,,,,,,,,,,,,,,1.0,1.0,,,,,,,,,,,,,,,,,,,,,,,,,,,,,,1.0,,,1.0,,,,,,,,,1.0,,,,1.0,,,,,,,,,,1.0,,,,1.0,,,,,,1.0,,,1.0,,,,,,,,,,,,,1.0,,,,,,,,,,,,,,,,,,,,1.0,,,,,1.0,2.0,,,,,1.0,,,,,,,,,,,,,,,,1.0,,1.0,,,1.0,,,,,,,,,,,,,,,,,1.0,,1.0,,,,,,,,,,,,,,,,,,,,,,,,,,1.0,,,,,,,,,,,,,,,,,1.0,,,,,,,,,,,,,,,,,,,,,,,,,,,,1.0,,1.0,,,,,,,,,,,1.0,2.0,,,,,,,,1.0,,,,,1.0,,,,,,5.0,,,,,,,,,,,,,,,,,,,,,,,,,,,,,,,,,,,,,,,,,,,,,,,,,,,,,,,,,,,,,,,,,,,,,,,,,,,,,,,,,,,,,,,,,,,,,,,2.0,1.0,1.0,1.0,1.0,3.0,1.0,2.0,1.0,2.0,2.0,1.0,1.0,1.0,1.0,,,,,,,,,,,,,,,,,,,,,,,,,,,,,,,,,,,,,,,,,,,,,,,,,,,,,,,,,,,,,,,,,,,,,,,,,,,,,,,,,,,,,,,,,,,,,,,,,,,,,,,,,,,,,,,,,,,,,,,,,,,,,,,,,,,,,,,,,,,,,,,,,,,,,,,,,,,,,,,,,,,,,,,,,,,,,,,,,,,,,,,,,,,,,,,,,,,,,,,,,,,,,,,,,,,,,,,,,,,,,,,,,,,,,,,,,,,,,,,,,,,,,,,,,,,,,,,,,,,,,,,,,,,,,,,,,,,,,,,,,,,,,,,,,,,,,,,,,,,,,,,,,,,,,,,,,,,,,,,,,,,,,,,,,,,,,,,,,,,,,,,,,,,,,,,,,,,,,,,,,,,,,,,,,,,,,,,,,,,,,,,,,,,,,,,,,,,,,,,,,,,,
CNN,Warren,2.0,,24.0,2.0,8.0,3.0,,5.0,16.0,2.0,1.0,,,,,,,,2.0,,1.0,1.0,3.0,,,1.0,3.0,,1.0,5.0,,,16.0,,4.0,6.0,7.0,2.0,4.0,1.0,2.0,2.0,1.0,2.0,,3.0,,,,2.0,,,,5.0,,,2.0,,,1.0,2.0,15.0,,3.0,6.0,,1.0,,,,1.0,1.0,,,,,2.0,2.0,1.0,,,,,,1.0,1.0,6.0,,,,,1.0,,,,,,,1.0,,3.0,,,1.0,3.0,1.0,5.0,7.0,5.0,6.0,2.0,,,,,,,,6.0,,1.0,,,,,3.0,,1.0,,1.0,,,,,,,,,,1.0,1.0,,3.0,1.0,,1.0,,,,,1.0,,,,,,,1.0,,,1.0,2.0,1.0,,3.0,1.0,,,2.0,,,3.0,,,,,2.0,,,,,1.0,4.0,2.0,2.0,1.0,,1.0,,1.0,1.0,1.0,,1.0,,,,1.0,2.0,2.0,1.0,1.0,,,,,2.0,,,,,,,,2.0,,,,3.0,,5.0,2.0,,,,,,,,1.0,,,,1.0,,2.0,,,,,2.0,1.0,2.0,,,,1.0,1.0,,,,,1.0,,,,,,4.0,,1.0,1.0,,,,,,,,,,,1.0,,,,,,,,,,,,,,2.0,,,,,,1.0,,1.0,,2.0,,,,,,,,1.0,1.0,,,,,,3.0,,,,,2.0,,,,,,,,,1.0,,,1.0,,,,,,,,,,1.0,,,,1.0,1.0,,,1.0,,,,3.0,,1.0,,,,,,1.0,,2.0,1.0,1.0,,1.0,,,,,,,1.0,,,,,,,,,,1.0,,,,,,,,1.0,1.0,,,,,,,,4.0,,,,,,,,,,,,,,,,1.0,,,,1.0,,3.0,,,,1.0,,,,,,1.0,2.0,,,,,,,,,,,,,,,1.0,,,,1.0,,,,,,,1.0,,,,,,1.0,,,,,1.0,,1.0,,,,1.0,,,,,1.0,,,,,,6.0,,,,,,,1.0,,,,1.0,,,,,,,2.0,,,,,,,,,,,,1.0,,,,,,,,2.0,,,,,,,,,,,1.0,2.0,,,,1.0,,,,1.0,,,1.0,1.0,,1.0,1.0,,,2.0,,,,,,,,,1.0,,3.0,,,,,,,,1.0,,,,,,,3.0,,,,,,,,,,,2.0,,,,,,,,,1.0,1.0,2.0,,,,,,1.0,1.0,,,,,,,,,,,,,,,,,1.0,2.0,,1.0,2.0,1.0,,1.0,1.0,,,,,1.0,,,,,1.0,,,1.0,,,,,,,,,,,,,,,,,,,,,,,,,1.0,1.0,1.0,,,,,,1.0,,1.0,,,,,,,,,,,,,,,1.0,,,1.0,2.0,1.0,1.0,1.0,2.0,1.0,1.0,1.0,1.0,1.0,1.0,1.0,1.0,1.0,1.0,1.0,1.0,1.0,1.0,1.0,,,,,,,,,,,,,,,,,,,,,,,,,,,,,,,,,,,,,,,,,,,,,,,,,,,,,,,,,,,,,,,,,,,,,,,,,,,,,,,,,,,,,,,,,,,,,,,,,,,,,,,,,,,,,,,,,,,,,,,,,,,,,,,,,,,,,,,,,,,,,,,,,,,,,,,,,,,,,,,,,,,,,,,,,,,,,,,,,,,,,,,,,,,,,,,,,,,,,,,,,,,,,,,,,,,,,,,,,,,,,,,,,,,,,,,,,,,,,,,,,,,,,,,,,,,,,,,,,,,,,,,,,,,,,,,,,,,,,,,,,,,,,,,,,,,,,,,,,,,,,,,,,,,,,,,,,,,,,,,,,,,,,,,,,,,,,,,,,,,,,,,,,,,,,,,,,,,,,,,,,,,,,,,,,,,,,,,,,,,,,,,,,,,,,,,,,,,,,,,,,,,,,,,,,,,,,,,,,,,
Fox News,Bernie,3.0,1.0,44.0,,8.0,4.0,,3.0,7.0,,3.0,,1.0,,2.0,,3.0,,5.0,,1.0,,1.0,2.0,5.0,2.0,1.0,,,,2.0,9.0,14.0,,6.0,1.0,1.0,10.0,4.0,,,,1.0,4.0,4.0,5.0,14.0,2.0,1.0,1.0,3.0,1.0,1.0,1.0,,2.0,,,,,4.0,15.0,,4.0,12.0,,1.0,,1.0,,,,1.0,,,,3.0,1.0,,,,,,,,3.0,1.0,3.0,1.0,,,,,,,1.0,,1.0,2.0,1.0,5.0,,1.0,,1.0,,1.0,11.0,2.0,3.0,,1.0,2.0,1.0,,,,2.0,12.0,2.0,,2.0,,1.0,2.0,3.0,1.0,1.0,1.0,,,,1.0,5.0,,,,,,1.0,,6.0,4.0,5.0,,,,1.0,,,2.0,,,,,,,1.0,,1.0,4.0,1.0,,1.0,7.0,5.0,,2.0,1.0,1.0,,1.0,,,,,2.0,,,,,,3.0,,,,1.0,,1.0,2.0,2.0,1.0,1.0,1.0,,,,1.0,3.0,4.0,,1.0,,,,,1.0,1.0,,1.0,,,,1.0,,,,,2.0,,4.0,6.0,2.0,1.0,,1.0,,,,,,2.0,,,2.0,1.0,,,,,1.0,,,,,,3.0,1.0,,,,,,,1.0,,,,,,,,,,,1.0,,5.0,,2.0,,,4.0,,1.0,,,5.0,,,,1.0,1.0,1.0,,1.0,,,,1.0,,,1.0,,1.0,,4.0,,,,,,,,5.0,,,,,,,,2.0,1.0,,,,,,,,,,,1.0,,,1.0,,,,1.0,1.0,,,,,,,,,,1.0,,3.0,,4.0,,1.0,,1.0,,,1.0,,,,,,,,2.0,,,,,,3.0,,,,,,,,2.0,,,,,2.0,,1.0,,1.0,,,,,,1.0,,,,,,,,,,2.0,,,,,,,,,,5.0,1.0,1.0,,3.0,,,,1.0,,4.0,,1.0,,1.0,1.0,5.0,1.0,,,8.0,1.0,,,1.0,1.0,3.0,,,,,3.0,,4.0,,,,2.0,,1.0,2.0,,1.0,,,,,2.0,1.0,,,,,2.0,,,,,3.0,2.0,2.0,,,,1.0,,,,,,,,1.0,,1.0,,,3.0,,,1.0,,3.0,,,,,,1.0,,,,,1.0,,,,,,,,,,,,,,,,,,,,2.0,1.0,,,,,,2.0,4.0,,,1.0,,,,,,,,,,,,1.0,,,,,,1.0,,,,,,,,,,,,,,,,,,,,,,,,,,,,,,,,,,,,,,,,,,,,,,,,,2.0,,,,,,,2.0,,,1.0,,,,,,,,1.0,,,,1.0,,,,,,,1.0,,,,,,,,,,,,,,,,,,1.0,,,,,,,,,,1.0,,,,,,,,,,,,,,,,,1.0,1.0,,1.0,,1.0,,,,3.0,,1.0,1.0,1.0,,,,1.0,,,,1.0,3.0,,,1.0,,,,,,,,,1.0,,1.0,,,,,,,,,,,,,,,,,,,,,,,,,1.0,,,,,,,,,,,,,,,,,,,,,,,,,1.0,,,,,1.0,,,,,,,,,,1.0,2.0,,,,,,,1.0,,,,,,,,,,,,,,,,,1.0,,,,,1.0,1.0,2.0,1.0,1.0,1.0,2.0,1.0,1.0,1.0,1.0,1.0,1.0,1.0,3.0,1.0,2.0,1.0,1.0,1.0,1.0,1.0,2.0,1.0,1.0,1.0,1.0,1.0,1.0,,,,,,,,,,,,,,,,,,,,,,,,,,,,,,,,,,,,,,,,,,,,,,,,,,,,,,,,,,,,,,,,,,,,,,,,,,,,,,,,,,,,,,,,,,,,,,,,,,,,,,,,,,,,,,,,,,,,,,,,,,,,,,,,,,,,,,,,,,,,,,,,,,,,,,,,,,,,,,,,,,,,,,,,,,,,,,,,,,,,,,,,,,,,,,,,,,,,,,,,,,,,,,,,,,,,,,,,,,,,,,,,,,,,,,,,,,,,,,,,,,,,,,,,,,,,,,,,,,,,,,,,,,,,,,,,,,,,,,,,,,,,,,,,,,,,,,,,,,,,,,,,
Fox News,Biden,94.0,8.0,67.0,11.0,216.0,12.0,10.0,5.0,34.0,1.0,20.0,10.0,4.0,,13.0,,,12.0,4.0,,3.0,5.0,15.0,59.0,10.0,9.0,20.0,2.0,1.0,2.0,7.0,10.0,17.0,,1.0,6.0,5.0,7.0,20.0,1.0,1.0,39.0,30.0,63.0,55.0,22.0,21.0,4.0,2.0,9.0,7.0,2.0,13.0,10.0,2.0,1.0,2.0,4.0,1.0,12.0,6.0,13.0,25.0,15.0,21.0,,1.0,40.0,7.0,,9.0,7.0,6.0,,3.0,,3.0,2.0,1.0,6.0,2.0,15.0,1.0,6.0,1.0,1.0,2.0,18.0,,,1.0,2.0,1.0,2.0,1.0,,3.0,8.0,,1.0,,1.0,,1.0,1.0,2.0,20.0,16.0,16.0,50.0,,1.0,2.0,4.0,1.0,1.0,,3.0,,6.0,1.0,6.0,1.0,2.0,,7.0,1.0,3.0,,3.0,1.0,,1.0,6.0,,,,6.0,2.0,5.0,,3.0,7.0,4.0,1.0,1.0,1.0,2.0,,,,,1.0,,,,1.0,1.0,1.0,,4.0,,1.0,,5.0,2.0,1.0,1.0,1.0,3.0,1.0,2.0,2.0,1.0,,,9.0,,,1.0,2.0,4.0,6.0,1.0,4.0,,1.0,2.0,,5.0,10.0,2.0,,1.0,,,,,30.0,,5.0,19.0,,,1.0,2.0,4.0,1.0,1.0,8.0,46.0,5.0,,2.0,1.0,12.0,2.0,2.0,27.0,,20.0,8.0,10.0,2.0,2.0,,1.0,12.0,,1.0,2.0,7.0,,3.0,,1.0,1.0,,1.0,1.0,,10.0,,,,,1.0,5.0,,1.0,2.0,,7.0,4.0,3.0,,,,6.0,,1.0,3.0,1.0,,2.0,3.0,2.0,4.0,,7.0,5.0,1.0,,,14.0,,,4.0,2.0,,2.0,,,4.0,3.0,6.0,3.0,1.0,4.0,5.0,1.0,,,,,,3.0,,1.0,1.0,2.0,1.0,,1.0,7.0,,,,12.0,1.0,,4.0,,1.0,,,5.0,1.0,1.0,2.0,3.0,,2.0,,,,4.0,6.0,1.0,,,1.0,1.0,2.0,,1.0,,2.0,,2.0,,,5.0,,3.0,,8.0,,1.0,,3.0,,,,,,1.0,4.0,,2.0,1.0,3.0,1.0,1.0,,1.0,,1.0,,5.0,1.0,1.0,5.0,1.0,,1.0,2.0,,,2.0,,2.0,,,2.0,1.0,2.0,,,,3.0,,,,1.0,,1.0,,1.0,2.0,5.0,1.0,2.0,,,,,,,1.0,,,,,14.0,,,,2.0,,,1.0,,,1.0,,,,1.0,,,,,,,,,,,1.0,,,1.0,1.0,,,,,,1.0,,,,1.0,,1.0,,,,,,,,,2.0,2.0,,,,1.0,,4.0,,1.0,1.0,,,2.0,,,,,,1.0,1.0,,,,2.0,,,,2.0,,,,1.0,2.0,,1.0,,,,4.0,,,,1.0,,,,,,,,,,,,,,,,2.0,2.0,,,1.0,,,,4.0,,,1.0,2.0,,,1.0,,,,,1.0,,,4.0,,,2.0,,1.0,3.0,,,,2.0,8.0,,2.0,,,,,1.0,,,,,,1.0,,,2.0,,,,1.0,,4.0,,,,,,,,,,,,1.0,,,1.0,,,,,13.0,1.0,5.0,1.0,2.0,,,,2.0,1.0,2.0,,,,,,,,,,,,1.0,,1.0,5.0,2.0,1.0,,,,,,7.0,1.0,2.0,,,,,1.0,,3.0,,,,,,,,,,1.0,,1.0,2.0,2.0,,,2.0,,,1.0,2.0,,,,2.0,,1.0,2.0,,,1.0,,,,,,,,,1.0,,,1.0,,,,4.0,,1.0,,,,,1.0,1.0,2.0,,,1.0,4.0,,,,3.0,1.0,,,,,,,,,,,,,,,,,1.0,,,,,,,,,,1.0,,1.0,1.0,1.0,1.0,1.0,1.0,1.0,4.0,3.0,1.0,1.0,1.0,1.0,12.0,1.0,1.0,1.0,2.0,1.0,1.0,1.0,1.0,1.0,2.0,1.0,2.0,1.0,2.0,1.0,1.0,2.0,1.0,1.0,1.0,1.0,1.0,1.0,1.0,3.0,2.0,1.0,1.0,1.0,1.0,1.0,1.0,1.0,1.0,1.0,1.0,1.0,1.0,1.0,1.0,1.0,1.0,1.0,1.0,1.0,1.0,1.0,1.0,1.0,1.0,1.0,1.0,1.0,1.0,1.0,1.0,1.0,,,,,,,,,,,,,,,,,,,,,,,,,,,,,,,,,,,,,,,,,,,,,,,,,,,,,,,,,,,,,,,,,,,,,,,,,,,,,,,,,,,,,,,,,,,,,,,,,,,,,,,,,,,,,,,,,,,,,,,,,,,,,,,,,,,,,,,,,,,,,,,,,,,,,,,,,,,,,,,,,,,,,,,,,,,,,,,,,,,,,,,,,,,,,,,,,,,,,,,,,,,,,,,,,,,,,,,,,,,,,,,,,,,,,,,,,,,,,,,,,,,,,,,,,,,,,,,,,,,,,,,,,,,,,,,,,,,,,,,,,,,,,,,,,,,,,,,,,,,,,,,,,,,,,,,,,,,,,,,,,,,,,,,,,,,,,
Fox News,Kamala,2.0,,3.0,2.0,5.0,,,2.0,2.0,2.0,8.0,1.0,,,,,1.0,,1.0,,1.0,1.0,,4.0,,1.0,3.0,,,,,2.0,3.0,,,,2.0,1.0,,,,,2.0,1.0,1.0,2.0,1.0,,,,,,5.0,,1.0,,,,,1.0,,,,1.0,3.0,,1.0,4.0,,,,5.0,,,1.0,,4.0,,,,,1.0,,3.0,,,1.0,2.0,,,,,,,,,,,2.0,2.0,,,,,,1.0,,2.0,1.0,3.0,,,,,,,,3.0,1.0,,,,,,,1.0,,1.0,,1.0,,,,,,,,,2.0,,,1.0,,2.0,1.0,,,,,,,,,,,,,3.0,,,1.0,,,1.0,4.0,,,,,,,,,,,,,,,,1.0,,,,1.0,,,,,3.0,,,2.0,,,,,1.0,1.0,,,2.0,,,,,9.0,,,1.0,,,,1.0,2.0,,,,1.0,,1.0,,,,1.0,,,,,,,,,,,1.0,,,,,5.0,2.0,,,8.0,,2.0,,,,,,,,,,,,,,,,,1.0,,,,,,1.0,2.0,,1.0,,,,,2.0,,,,,,,,,,,,,,,,,,,,,,,,,,,,,,,,,,,2.0,,,,,,,1.0,1.0,,,,1.0,,2.0,,,,,1.0,,2.0,,,,,,,,,1.0,3.0,2.0,,,,,,,,,,,,,,,,2.0,,1.0,1.0,1.0,,,,7.0,,,,,,,2.0,,,,1.0,,,,,,,,,,1.0,,,3.0,,,,,,,,,,,,,,,,,,,,,,1.0,,,,,,,,,,1.0,,1.0,,4.0,,,1.0,,,,,,,,,,,,1.0,,,,,,,,,,,,,3.0,,,,1.0,,,,,1.0,,,1.0,,,,,,,,,,,,,1.0,,,,,,,,,,,,,,,,1.0,,1.0,,,,,,,,,,,,,,,,,,,,,,,,,2.0,,,,,,,2.0,1.0,,,,,,,,,,,,,,,,1.0,,,,,1.0,,,,,,1.0,,,1.0,,1.0,,,,,,,,,,,,,,,,,,,,,,,,,,,,,,,,,,,,,1.0,,,1.0,,,1.0,1.0,,,2.0,,,,,,,1.0,1.0,,,,,,2.0,,,,,,,,,,,,,1.0,,,,,,,,,,,,,,,,,,,,,,,,,,,,,,,,,,,,1.0,,,,,,,,1.0,,,,,,,,1.0,,,,,1.0,,1.0,,,,,,,,,,,,,,,,,,,,,,,,,,,,,1.0,,,,,,,,,,,,,,,,,,,,,,,,,,,,,,,,,1.0,,,,,,,,,,,,,,,,,,,,,,,,,,,,,,,,,,,,,,,,,,1.0,,,,,,,,,2.0,,,,,,,,,,,,,,,,,,,,,,,,,,,,,,,,,,,,,,,,,,,,,,,,,,,,1.0,1.0,3.0,1.0,1.0,1.0,1.0,1.0,1.0,1.0,1.0,1.0,2.0,1.0,,,,,,,,,,,,,,,,,,,,,,,,,,,,,,,,,,,,,,,,,,,,,,,,,,,,,,,,,,,,,,,,,,,,,,,,,,,,,,,,,,,,,,,,,,,,,,,,,,,,,,,,,,,,,,,,,,,,,,,,,,,,,,,,,,,,,,,,,,,,,,,,,,,,,,,,,,,,,,,,,,,,,,,,,,,,,,,,,,,,,,,,,,,,,,,,,,,,,,,,,,,,,,,,,,,,,,,,,,,,,,,,,,,,,,,,,,,,,,,,,,,,,,,,,,,,,,,,,,,,,,,
Fox News,Warren,2.0,2.0,38.0,2.0,9.0,4.0,,4.0,31.0,,8.0,1.0,,1.0,3.0,,1.0,,7.0,,1.0,4.0,,1.0,4.0,1.0,4.0,1.0,2.0,9.0,2.0,5.0,10.0,,1.0,1.0,11.0,3.0,7.0,1.0,2.0,3.0,1.0,2.0,1.0,7.0,20.0,2.0,1.0,5.0,1.0,,1.0,6.0,,1.0,2.0,,,5.0,6.0,31.0,1.0,5.0,10.0,,,,1.0,,,,,,,,5.0,1.0,1.0,,,,1.0,2.0,,,3.0,7.0,,1.0,,1.0,,,,1.0,,1.0,,2.0,1.0,1.0,1.0,1.0,1.0,,2.0,14.0,6.0,6.0,2.0,2.0,,5.0,,,,2.0,5.0,4.0,,4.0,1.0,1.0,,8.0,2.0,1.0,,1.0,,,,1.0,,,,,,3.0,,5.0,3.0,4.0,,,,,,2.0,,,1.0,,,,,2.0,1.0,,6.0,2.0,,,3.0,1.0,,4.0,,,,1.0,,,,,1.0,1.0,,1.0,2.0,,3.0,1.0,4.0,1.0,2.0,,,4.0,3.0,,,1.0,,,,,5.0,,,1.0,,,,,2.0,,,2.0,,1.0,1.0,2.0,2.0,,6.0,,,,5.0,4.0,3.0,,,,1.0,1.0,,1.0,,3.0,,1.0,2.0,,,,,1.0,2.0,1.0,1.0,,,,,,,,,,2.0,,,,,1.0,,,3.0,2.0,1.0,,,2.0,,,,1.0,2.0,,1.0,,,1.0,,3.0,,,,1.0,,2.0,,,1.0,1.0,1.0,1.0,,,,,3.0,,10.0,,,,1.0,,,,1.0,,,,,,,2.0,1.0,,1.0,,1.0,,,,,,,,,,,,,,,1.0,1.0,,,,,,,,,,2.0,,1.0,,2.0,,1.0,,,,,1.0,,,,1.0,,,,,,,3.0,,,4.0,,,,,1.0,,,,,1.0,,1.0,,2.0,,,,,,,,5.0,,,,,,2.0,,,2.0,,,2.0,,,,,,,,,,,,1.0,,1.0,,,1.0,,6.0,1.0,,,,,,,1.0,,2.0,1.0,,,,,,1.0,,,,,,1.0,,,,,,,,,,,,,,1.0,,,,,,,1.0,,1.0,,1.0,,2.0,3.0,,,,,,3.0,,,,,,,,1.0,,1.0,1.0,1.0,,,,,,,,1.0,,2.0,,,,,,,,,1.0,,,,,,,1.0,,,,2.0,,,,3.0,1.0,,,1.0,,,,,,,,,,,,,,,,1.0,,,,,1.0,,,,,,,1.0,,,,,1.0,,1.0,,9.0,,,,,,,,,,,,,,,2.0,,,,,,,,,,,,,,,,,,,,,,2.0,1.0,,,,,,3.0,,,,,,,,,,,,,,,2.0,,2.0,,,,,,,,1.0,,,,,1.0,,,,,1.0,,,,,,,,,,,,,,,,,,,,,,,,,,1.0,,1.0,,1.0,1.0,,,,1.0,,,,,,2.0,,1.0,,,,,,,1.0,,,1.0,1.0,,,,,,,,2.0,1.0,1.0,,,,3.0,,,,,,,,,,,,,,,,,,,,,,,,,,,,,,,,,,,,,,,,,,,,,,,,,,,,,,,,,,,,,,1.0,,,,,1.0,,,,,,1.0,,,,,2.0,,,,,,1.0,,,,,,1.0,,,,,,,,1.0,1.0,,1.0,,,1.0,,,,1.0,,,,,,,,,,,,,,,,1.0,1.0,1.0,2.0,1.0,1.0,1.0,1.0,3.0,1.0,1.0,2.0,2.0,1.0,1.0,1.0,1.0,1.0,1.0,1.0,1.0,1.0,1.0,1.0,1.0,1.0,1.0,,,,,,,,,,,,,,,,,,,,,,,,,,,,,,,,,,,,,,,,,,,,,,,,,,,,,,,,,,,,,,,,,,,,,,,,,,,,,,,,,,,,,,,,,,,,,,,,,,,,,,,,,,,,,,,,,,,,,,,,,,,,,,,,,,,,,,,,,,,,,,,,,,,,,,,,,,,,,,,,,,,,,,,,,,,,,,,,,,,,,,,,,,,,,,,,,,,,,,,,,,,,,,,,,,,,,,,,,,,,,,,,,,,,,,,,,,,,,,,,,,,,,,,,,,,,,,,,,,,,,,,,,,,,,,,,,,,,,
Google News,Bernie,,,1.0,,1.0,,,,,,1.0,,,,,,,,,,,1.0,,,,,,,,,,,,,,,,,,,,,,,,,,,,,,,,,,,,,,,,,,1.0,,,,,,,,,,,,,1.0,,,,,,,,,,,,,,,,,,,,,,,,1.0,,,,,,,,,,,,,2.0,,,,,1.0,,,,,,,,,,,,,,,,,,,,,,,,,,,,,,,,,,,,,,,,,,,,,,,,,,,,,,,,,,,,,,,,1.0,,,,,,,,,,,,,,,,,,,,,,,,,,,,,,,,,,,,,,,1.0,,,,,,,,,,1.0,,,,,,,,,,,,,,,,,,,1.0,,,,,,,,,,,,,,,,,,,,,,,,,,,,,,,,,,,,,,,,,,,,,,,,,,,,,,,,,,,,,,1.0,,,,,,,,,,,,,,,,,,,,,,,,,,,,,,,,,,,,,,,,,,,,,,,,,,,,,,,,,,,,,,,,,,,,,,,,,,,,,,,,,,,,,,,,,,,,,,,,,,,,,,,,,,,,,,,,,,,,,,,,,,,,,,,,,,,2.0,,,,,,,,1.0,,,1.0,,,,,,,,,,,,,,,,,,,,,,,,,,,,,,,,,,,,,,,,,,,,,,,,,,,,,,,,,,,,,,,,,,,,,,,1.0,,,,,,,,,,,,,,,,,,,,,,,,,,,,,,,,,,,,,,,,,,,,,,,,,,,,,,,,,,,,,,,,,,,,,,,,,,,1.0,,,,,,,,,,,,,,,,,,,,,,,,,,,,,,,,,,1.0,,,,,,,,,,,,,,,,,,,,,,,,,,,,,,,,,,,,,,,,,,,1.0,,,,,,,,,,,,,,,,,,,,,,,,,,,,,,,,,,,,,,,,,,,,,,,,,,,,,,,,,,,,,,,,,,,,,,,,,,,,,,,,,,,,,,,,,,,,,,,,,,,,,,,,,,,,,,,,,,,,,,,,,,,,,,,,,,,,,,,,,,,,,,,,,,,,,,,,,,,,,,,,,,,,,,,,,,,,,,,,,,,,,,,,,,,,,,,,,,,,,,,,,,,,,,,,,,,,,,,,,,,,,,,,,,,,,,,,,,,,,,,,,,,,,,,,,,,,,,,,,,,,,,,,,,,,,,,,,,,,,,,,,,,,,,,,,,,,,,,,,,,,,,,,,,,,,,,,,,,,,,,,,,,,,,,,,,,,,,,,,,,,,,,,,,,,,,,,,,,,,,,,,,,,,,,,,,,,,,,,,,,,,,,,,,,,,,,,,,,,,,,,,,,,,,,,,,,,,,,,,,,,,,,,,,,,,,,,,,,,,,,,,,,,,,,,,,,,,,,,,,,,,
Google News,Biden,,,1.0,,1.0,,,,,,,,,,1.0,,,,,,,1.0,,,,,,,,,1.0,,,,,,,,,,,,,1.0,,,,,,,,,,,,,,,,,,,,,1.0,,,,,,,,,,,,,,,,,,,,,,,,,,,,,,,,,,,,,,,,,,,,,,,,,,,,,,,,,,,,,,,,,,,,,,,,,,,,,,,,,,,,,,,,,1.0,,,,,,,,,,,,,,,,,,,,,,,,,,,,,,,,,,,,,,,,,,,,,1.0,,,,,,,,,,,,,,,,,,,,,,,,1.0,,,,,,,,,,,,,,,,,,,,,,,,,,,,,,,,,,,,,,,,,,,,,,,,,,,,,,,,,,,,,,,,,,,,,,,,,,,,,,,,,,,,,,,,,,,,,,,,,,,,,,,,,1.0,,,,,,,,,,,,,,,,,,,,,,,,,,,,1.0,,,,,,,,,,,,,,,,,,,,,,,,,,,,,,,,,,,,,,,,,,,,,,,,,,,,,,,,,,1.0,,,,,1.0,,,,,,,,,,,,,,,,,,,,,,,,,,,,,,,,,,,,,1.0,,,,,,,,,,,,,,,,,,,,,,,,,,,,,,,,,,,,,,,,,,,,,,,,,,,,,,,,,,,,,,,,,,,,,,,,,,,,,,,,,,,,,,,,,,,,,,,,,,,,,,,,,,,,,,,,,,,,,,,,,,,,,,,,,,,1.0,,,,,,,,,,,,,,,,,,,,,,,,,,,,,,,,,,,,,,,,,,,,,,,,,,,,,,,,,,,,,,,,,,,,,,,,,,,,,,,,,,,,,,,,,,,,,,,,,,,,,,,,,,,,,,,,,,,,,,,,,,,,,,,,,,,,,,,,,,,,,,,,,,,,,,,,,,,,,,,,,,,,,,,,,,,,,,,,,,,,,,,,,,,,,,,,,,,,,,,,,,,,,,,,,,,,,,,,,,,,,,,,,,,,,,,,,,,,,,,,,,,,,,,,,,,,,,,,,,,,,,,,,,,,,,,,,,,,,,,,,,,,,,,,,,,,,,,,,,,,,,,,,,,,,,,,,,,,,,,,,,,,,,,,,,,,,,,,,,,,,,,,,,,,,,,,,,,,,,,,,,,,,,,,,,,,,,,,,,,,,,,,,,,,,,,,,,,,,,,,,,,,,,,,,,,,,,,,,,,,,,,,,,,,,,,,,,,,,,,,,,,,,,,,,,,,,,,,,,,,,,,,,,,,,,,,,,,,,,,,,,,,,,,,,,,,,,,,,,,,,,,,,,,,,,,,,,,,,,,,,,,,,,,,,,,,,,,,,,,,,,,,,,,,,,,,
Google News,Kamala,,,,,,,,,1.0,,1.0,,,,,,,,,,,,,,,,,,,,,,,,,,,,,,,,,,,,,,,,,,,,,,,,,,,,,,,,,,,,,,,,,,,,,,,,,,,,,,,,,,,,,,,,,,,,,,,,,,,,,,,,,,,,,,,,,,,,,,,,,,,,,,,,,,,,,,,,,,,,,,,,,,,,,,,,,,,,,,,,,,,,,,,,,,,,,,,,,,,1.0,,,,,,,,,,,,,,,,,,,,,,,,,,,,,,,,,,,,,,,,,,,,,,,,,,,,,,,,,,,,,,,,,,,,,,,,,,,,1.0,,,,,,,,,,,,,,,,,,,,,,,,,,,,,,,,,,,,,,,,,,,,,,,,,,,,,,,,,,,,,,,,,,,,,,,,,,,,,,,,,,,,,,,,,,,,,,,,,,,,,,,,,,,,,,,,,,,,,,,,,,,,,,,,,,,,,1.0,,,,,,,,,,,,,,,,,,,,,,,,,,,,,,,,,,,,,,,,,,,,,,,,,,,,,,,,,1.0,,,,,,,,,,,,,,,,,,,,,,,,,,,,,,,,,,,,,,,,,,,,,,,,,,,,,,,,,,,,,,,,,,,,,,,,,,,,,,,,,,,,,,,,,,,,,,,,,,,,,,,,,,,,,,,,,,,,,,,,,,,,,,,,,,,,,,,,,,,,,,,,,,,,,,,,,,,,,,,,,,,,,,,,,,,,,,,,,,,,,,,,,,,,,,,,,,,,,,,,,,,,,,,,,,,,,,,,,,,,,,,,,,,,1.0,,,,,,,,,,,,,,,,,,,,,,,,,,,,,,,,,,,,,,,,,,,,,,,,,,,,,,,,,,,,,,,,,,,,,,,,,,,,,,,,,,,,,,,,,,,,,,,,,,,,,,,,,,,,,,,,,,,,,,,,,,,,,,,,,,,,,,,,,,,,,,,,,,,,,,,,,,,,,,,,,,,,,,,,,,,,,,,,,,,,,,,,,,,,,,,,,,,,,,,,,,,,,,,,,,,,,,,,,,,,,,,,,,,,,,,,,,,,,,,,,,,,,,,,,,,,,,,,,,,,,,,,,,,,,,,,,,,,,,,,,,,,,,,,,,,,,,,,,,,,,,,,,,,,,,,,,,,,,,,,,,,,,,,,,,,,,,,,,,,,,,,,,,,,,,,,,,,,,,,,,,,,,,,,,,,,,,,,,,,,,,,,,,,,,,,,,,,,,,,,,,,,,,,,,,,,,,,,,,,,,,,,,,,,,,,,,,,,,,,,,,,,,,,,,,,,,,,
Google News,Warren,,,,,,,,,,,,,1.0,,,,2.0,,,,,2.0,,,,,,,,,,,1.0,,,,,,,,,,,,,,,,,,,,,1.0,,,,,,,,2.0,,1.0,,,,,,,,,,,,,,1.0,,,,,,,,,,,,,,,,,,,,,,,,,,,,,,,,2.0,,,,,,,,,,,,,,,,,,,,,,,,,,,,,,,,,,,,,,,,,,,,,,,,,,,,,,,,,,,1.0,,,,,,,,,,,,,,,,,,,,,,,,,,,,,,,,,,,,,,,,,,,,,,,,,,,,,,,,,,,,,,,1.0,,,,,,,,,,,,,,,1.0,,,,,,,,,,,,,,,,,,,,,,,1.0,,,,,,,,,,,,,,,,,,,,,,,,,,,,,,,,,,,,,,,,,,,,,,,,,,,,,,,,,,,,,,,,,,,,,,1.0,,,,,,,,,,,1.0,,,,,,,,,,,,,,,,,,,,,1.0,,,,,,,,,,,,,,,,,,,,,,,,,,,,,,,,,,,,,,,,,,,,,,,1.0,,,,,,,1.0,,,,,,,,,,,,,,,,,,,,,,,,,,,,,,1.0,,,,1.0,,,,,,,,,,,,,,,,,,,,,,,,,,,,,,,,,,,,,,,,,,,,,,,,,,,,,,,,,,,,,,,,,,,,,,,,,,,,,,1.0,,,,,,,,,,,,,,,,,,,,,,,,,,,,,,,,,,,,,,,,,,1.0,,,,,,,,,,,,,,,,,,,,,,1.0,,,,,,,,,,,,,,,,,,,,,,,,,,,,,,,,,,,,,,,,,,,,,2.0,,,,,,,,,,,,,,,,,,,,,,,,,,,,,,,1.0,,,,,,,,,,,,,,,,,,,,,,,,,,,,,,,,,,,,,,,,,,,,,,,,,,,,,,,,,,,,,,,,,,,,,,,,,,,,,,,,,,,,,,,,,,,,,,,,,,,,,,,,,,,,,,,,,,,,,,,,,,,,,,,,,,,,,,,,,,,,,,,,,,,,,,,,,,,,,,,,,,,,,,,,,,,,,,,,,,,,,,,,,,,,,,,,,,,,,,,1.0,,,,,,,,,,,,,,,,,,,,,,,,,,,,,,,,,,,,,,,,,,,,,,,,,,,,,,,,,,,,,,,,,,,,,,,,,,,,,,,,,,,,,,,,,,,,,,,,,,,,,,,,,,,,,,,,,,,,,,,,,,,,,,,,,,,,,,,,,,,,,,,,,,,,,,,,,,,,,,,,,,,,,,,,,,,,,,,,,,,,,,,,,,,,,,,,,,,,,,,,,,,,,,,,,,,,,,,,,,,,,,,,,,,,,,,,,,,,,,,,,,,,,,,,,,,,,,,,,,,,,,
MSNBC,Bernie,,,1.0,,,,,,1.0,,1.0,,,,,,,,,,,,,,,,,,,,,1.0,,,,,,2.0,,,,,,,,,,,,,,,,,,,,,,1.0,,,,,2.0,,,,,,,,,,,,,,,,,,,,,,,1.0,,,,,,,,,,,,,1.0,,,,,,,,1.0,,,1.0,,1.0,,,,,,,,,1.0,,,,,,,,,,1.0,,,,,,,,,,,,,,,,,,,,,,,,,,,,,,,,,,,,,,,,,,,,1.0,,,,,1.0,,,,,,,,,,,,,,,,,,,,,,,,,,,,,,,,,,,,,,,,,,,,,,,,,,,,,,,,,,,,,,,,,,,,,,,,,,,,,,,,,,,,,,,,,,,,,,,,,,,,,,,,,,,,,,,,,,,,,,,,,,,,,,,,,,,,,,,,,,,,,,,,,,,,,,,,,,,,,,,,,,,,,,,,,,,,,,,,,,,,1.0,,,,,,,,,,,,,,,,,,,,,,,,,,,,,,,,,,,,,,,,,,,,,,,,,,,,,,,,,1.0,,,,,,,,,,,,,,,,,,,,,,,,,,,,,,,,,,,,,,,,,1.0,,,,,,1.0,,,,,,,,,,,,,,,,,,,,,,,,,,,,,,,,,,,,,,,,,,,,,,,,,,,,,,,,,,,,,,,,,,,,,,,,,,,,,,,,,,,,,,,,,,,,,,,,,,,,,,,,,,,,,,,,,,,,,,,,,,,,,,,,,,,,,,,,,,,,,,,,,,,,,,,,,,,,,,,,,,,,,,,,,,,,,,,,,,,,,,,,1.0,,,,,,,,,,,,,,,,,,,,,,,,,,,,,,,,,,,,,,,,,,,,,,,,,,,,,,,,,,,,1.0,,,,,,,,,,,,,,,,,,,,,,,,,,,,,,,,,,,,,,,,,,,,,,,,,,,,,,,,,,,,,,,,,,,,,,,,,,,,,,,,,,,,,,,,,,,,,,,,,,,,,,,,,,,,,,,,,,,,,,,,,,,,,,,,,,,,,,,,,,,,,,,,,,,,,,,,,,,,,,,,,,,,,,,,,,,,,1.0,,,,,,,,,,,,,,,,,,,,,,,,,,,,,,,,,,,,,,,,,,,,,,,,,,,,,,,,,,,,,,,,,,,,,,,,,,,,,,,,,,,,,,,,,,,,,,,,,,,,,,,,,,,,,,,,,,,,,,,,,,,,,,,,,,,,,,,,,,,,,,,,,,,,,,,,,,,,,,,,,,,,,,,,,,,,,,,,,,,,,,,,,,,,,,,,,,,,,,,,,,,,,,,,,,,,,,,,,,,,,,,,,,,,,,,,,,,,,,,,,,,,,,,,,,,,,,,,
MSNBC,Biden,3.0,,2.0,2.0,18.0,1.0,,,5.0,,,2.0,,,,,,1.0,2.0,,1.0,4.0,1.0,4.0,,3.0,1.0,,,,,,,,,4.0,,2.0,1.0,,1.0,,1.0,1.0,,1.0,,1.0,,2.0,,,,2.0,1.0,,,,,2.0,,,1.0,,,,,,,,,,,,,,,,,,,,,1.0,,,,4.0,,,,,,,,,,,,2.0,,,,,1.0,,1.0,4.0,3.0,2.0,,,,,,,,,,,,1.0,,,,,,,,,1.0,,,,,,,,,,,,,,,,,,,,,,,,,,,,,,3.0,,,,,,,,,,,,,,1.0,,,,,,,1.0,1.0,,,,,,,,,,,,,,,,3.0,,,,2.0,,,,,,1.0,,,,,1.0,,2.0,,,2.0,,,,,,,,,3.0,,,,1.0,,,,,1.0,,,,,,,,,,1.0,1.0,,1.0,,,,1.0,,,1.0,,1.0,,,,,,,,,3.0,,,,,,,,1.0,,,,,2.0,,1.0,,2.0,,1.0,,,,,,,,1.0,,,,,,,,,,,,,,1.0,,,,,1.0,,,1.0,,,,,,1.0,,1.0,,1.0,,,,,,,,,,,,,,,,,,,,,,1.0,,,,,,,,1.0,,,,,,1.0,,,,,,,,,,,,,,,,,,,,,1.0,,,,,,,,,1.0,,,,,,,,,1.0,,,,,,,,,,,,,,,,,,,,,,,,,,,,,,,,,,,,,,,,,,,,,,,,,,,,,,,,,,,,,,,,,,,,,,,,,,,,,,,,,,,,,,,,,,,,,,,,,,,,,,,,,,,,,,,,,,,,,,,,,,,1.0,,,,,,1.0,1.0,,,,,,,,,,,,,,,,,,2.0,,,,,,,,,,,,,,,,,,,,,,,,,,,,,,,,,,,,1.0,,,,,,,,,,,,,,1.0,,,,,,,,,,,,,,,,,,,,,,,,,2.0,,,,,,,,,,,,,,,,,2.0,,,1.0,,,,,1.0,,,,,2.0,3.0,,,,,,,,,,,,,,1.0,,,,,,,,,,,,,,,,,,,,,,2.0,,2.0,,,,,,,,,,,,,,,,,,,,,,,,,,,,,,,,,,,,,,,,,,,,,,,,,,,,,,,,,,,,,,,,,,,,,,,,,,,,,,,,,,,,,,,,,,,,,,,,,,,,,,,,,,,,1.0,,,,,,,,,,,,,,,,,,,,,,,,,,,,,,,,,,,,,,,,,,,,,,,,,,,,,,,,,,,,,,,,,,,,,,,,,,,,1.0,1.0,1.0,1.0,1.0,,,,,,,,,,,,,,,,,,,,,,,,,,,,,,,,,,,,,,,,,,,,,,,,,,,,,,,,,,,,,,,,,,,,,,,,,,,,,,,,,,,,,,,,,,,,,,,,,,,,,,,,,,,,,,,,,,,,,,,,,,,,,,,,,,,,,,,,,,,,,,,,,,,,,,,,,,,,,,,,,,,,,,,,,,,,,,,,,,,,,,,,,,,,,,,,,,,,,,,,,,,,,,,,,,,,,,,,,,,,,,,,,,,,,,,,,,,,,,,,,,,,,,,,,,,,,,,,,
MSNBC,Kamala,,,,,1.0,,,,2.0,,,,,,,,,,,,,,1.0,,,,,,,,,,,,,,,,,,,,,1.0,,,,,,,,,,,,,,,,,,,,,,,1.0,,,,,,,,,,,,,,,,,,,,,1.0,,,,,,,,,,,1.0,,,,,,,,,,,,,,,,,,,,,,,,,,,,,,,,,,,,,,,,,,,,,,,,,,,,,,,,,,,,,,,,,,,,,,,,,,,,,,,,,,,,,,,,,,,,,,,,,,,,,,,,,,,,2.0,,,,,,,,,,,,,,,,,,,,,,,,,,,,,,,,,,,,,,,,,,,,,,,,,,,,,,,,,,,,,,,,,,,,,,,,,,,,,,,,,,,,,,,,,,,,,,,,,,,,,,,,,,,,,,,,,,,,,,,,,,,,,,,,,,,,,,,,,,,,,,,,,,,,,,,,,,,,,,,,,,1.0,,,,,,,,,,,,,,,,,,,,,,,,,,,,,,,,,,,,,,,,,,,,,,,,,,,,,,,,,,,,,,,,,,,,,,,,,,,,,,,,,,,,,,,,,,,,,,,,,,,,,,,,,,,,,,,,,,,,,,,,,,,,,,,,,,,,,,,,,,,,,,,,,,,,,,,,,,,,,,,,,,,,,,,,,,,,,,,,,,,,,,,,,,,,,,,,,,,,,,,,,,,,,,,,,,,,,,,,,,,,,,,,,,,,,,,,,,,,,,,,,,,,,,,,,,,,,,,,,,,,,,,,,,,,,,,,,,,,,,,,,,,,,,,,,,,,,,,,,,,,,,,,,,,,,,,,,,,,,,,,,,,,,,,,,,,,,,,,,,,,,,,,,,,,,,,,,,,,,,1.0,,,,,,,,,,,,,,,,,,,,,,,,,,,,,,,,,,,,,,,,,,,,,,,,,,,,,,,,,,,,,,,,,,,,,,,,,,,,,,,,,,,,1.0,,,,,,,,,,,,,,,,,,,,,,,,,,,,,,,,,,,,,,,,,,,,,,,,,,,,,,,,,,,,,,,,,,,,,,,,,,1.0,,,,,,,,,,,,,,,,,,,,,,,,,,,,,,,,,,,,,,,,,,,,,,,,,,,,,,,,,,,,,,,,,,,,,,,,,,,,,,,,,,,,,,,,,,,,,,,,,,,,,,,,,,,,,,,,,,,,,,,,,,,,,,,,,,,,,,,,,,,,,,,,,,,,,,,,,,,,,,,,,,,,,,,,,,,,,,,,,,,,,,,,,,,,,,,,,,,,,,,,,,,,,,,,,,,,,,,,,,,,,,,,,,,,,,,,,,,,,,,,,,,,,,,,,,,,,,
MSNBC,Warren,1.0,,2.0,1.0,,,,,8.0,,,,,,,,,,,,,1.0,,,,,1.0,,,,,,,,,,,1.0,1.0,,,,,,,,1.0,,,,,,,,,,,,,3.0,1.0,1.0,,,,,,,,,,,,,,,1.0,,,,,,,2.0,,,,2.0,,,,,,,,,,,,,,,,,,,,1.0,,,,1.0,,,,,,,,,,,,,,,,,,,,,,,,,,,,,,,,,,,,,,,,,,,,,,,,,,,,,,,,,,,,,,,,,,,,,,,,,,,,,,,,,,,,,,,,,,,,,,,,,,,,,,,,,,,,,,,,,,,,,,,,,,,,,,,,,,,,,,,,,,,,,,,,,,,,,,,,,,,,,,,,,,,,,,,,,,,,1.0,1.0,,1.0,,,,,,,,,,,,,,,,,,,,,,,,,,,,,,,,,,,,,,,,,,,,,,,,,,,,,,,,,,,,,,,,,,,,,,,,,,,,,,,,,,,,,,,,,,,,,,,,,,,,,,,,,,,,,,,,,,,,,,,,,,,,,,,,,,,,,,,,,,,,,,,,,,,,,,,,,,,,,,,,,,,,,,,,,,,,,,,,,,,,,,,,,,,,,,,,,,,,,,,,,,,,,,,,,,,,,,,,,,,,,,,,,,,,,,,,,,,,,,,,,,,,,,,,,,,,,,,,,,,,,,,,,,,,,,,,,,,,1.0,,,,,,,,,,,,,,,,,,,,,,,,,,,,,,,,,,,,,,2.0,,,,,,,,,,,,,,,,,,,,,,,,,,,,,,,,,,,,,,,,,,,,,,,,,,,,,,,,,,,,,,,,,,,,,,,,,,,,,,,,,,,,,,,,,,,,,,,,,,,,,,,,,,,,,1.0,,,,,,,,,,,,,,,,,,,,,,,,,,,,,,,,,,,,,,,,,,,,,,,,,,,,,,,,,,,,,,,,,,,,,,,,,,,,,,,,,,,,,,,,,,,,,,,,,,,,,,,,,,,,,,,,,,,,,,,,,,,,,,,,,,,,,,,,,,,,,,,,,,,,,,,,,,,,,,,,,,,,,,,,,1.0,,,,,1.0,,,,,,,,,,,,,,,,,,,,,,,,,,,,,,,,,,,,,,,,,,,,,,,,,,,,,,,,,,,,,,,,,,,,,,,,,,,,,,,,,,,,,,,,,,,,,,,,,,,,,,,,,,,,,,,,,,,,,,,,,,,,,,,,,,,,,,,,,,,,,,,,,,,,,,,,,,,,,,,,,,,,,,,,,,,,,,,,,,,,,,,,,,,,,,,,,,,,,,,,,,,,,,,,,,,,,,,,,,,,,,,,,,,,,,,,,,,,,,,,,,,,,,,,,,,,,,,
New York Magazine,Bernie,,1.0,5.0,,3.0,1.0,1.0,2.0,8.0,,1.0,,,,,,1.0,,1.0,,1.0,,,,,1.0,1.0,,,,,1.0,3.0,,,,2.0,2.0,,,,,2.0,1.0,,,3.0,2.0,3.0,1.0,,,,,,,,,,,,2.0,,2.0,2.0,,,1.0,,,,,1.0,,,,2.0,1.0,,,,1.0,,,,1.0,,1.0,,2.0,,1.0,,,,,,,,,,,,,,,1.0,4.0,1.0,2.0,,1.0,,1.0,,,,2.0,7.0,,,1.0,,,,,,,,,,1.0,1.0,1.0,,,,,,1.0,1.0,1.0,1.0,1.0,,,,,1.0,,,,1.0,1.0,,,,,,2.0,,,,,,,,3.0,1.0,,,1.0,,,1.0,,,,,,,,,2.0,1.0,,,,1.0,1.0,,,,,,,,1.0,1.0,1.0,,1.0,,,,,,,,,,,,1.0,,,,,1.0,,,,,,,,,,,,,2.0,,,,,,,,,,2.0,,,,,1.0,,,,,,,,,,,,,,,,,,,1.0,,1.0,,1.0,,,,,,,,1.0,,,,,,1.0,3.0,,,,,1.0,,,,,,,,,,,,,,,1.0,,,,,,,,,,,,1.0,,,,,,,,,,,,,,,,,1.0,,,,1.0,1.0,,,,1.0,,2.0,,,,,,,,,,,,,,1.0,,1.0,,,1.0,,,,,,,,,2.0,,,,,,,,,,,1.0,,,,,1.0,2.0,,,,,,,,,3.0,1.0,1.0,,,,,,,,,,2.0,,,,,,,,1.0,1.0,2.0,,,,,,3.0,,1.0,,3.0,,,,,,,,,,,,,,,,,,,,,,,,,,1.0,1.0,,,,1.0,,,,,,,1.0,1.0,,1.0,,,,1.0,,,,,,,,,1.0,1.0,,1.0,,,,,3.0,,,,,,,,1.0,,,,,,1.0,,,,,,,,,,,,1.0,,1.0,,,,,2.0,,,,,,,,,,1.0,,,1.0,,,1.0,,,,,,,,,,1.0,,,,,1.0,1.0,,1.0,,,,,,,3.0,,,,1.0,,,,,,,,1.0,,,,,,,,,,,,,,,,,,,,,,1.0,,,,,,,2.0,,,,,,,,,,,,,,,,,,,1.0,,,,1.0,,,,,,,,,,,,,,1.0,,,,,,,,,,,,,,,,,,,,,,,,,,,,,,,,1.0,,,,,,,,,,,,,,,1.0,,,,,,,,,,,,,,1.0,,,,3.0,,,,,,1.0,,,,,,,,,,,,,,,,,,,,,,,,,,,,,,,,,,,,,,,,,,,,,,1.0,,,,1.0,,,,,,,,,,,,,,,,,,,,,,,,,,,,,,,,,,,,,,,,,,,,,,,,,,,,,,,,,,,,,,,,,,,,,,,,,,,,,,,1.0,,,,,,,,1.0,,,,,,,2.0,,,,,,,,,,,,,,,,,,,,,1.0,,,,,,,1.0,,,,,,,,,,,,,1.0,,,,,,,,,,,,2.0,2.0,1.0,1.0,1.0,1.0,1.0,1.0,1.0,1.0,1.0,,,,,,,,,,,,,,,,,,,,,,,,,,,,,,,,,,,,,,,,,,,,,,,,,,,,,,,,,,,,,,,,,,,,,,,,,,,,,,,,,,,,,,,,,,,,,,,,,,,,,,,,,,,,,,,,,,,,,,,,,,,,,,,,,,,,,,,,,,,,,,,,,,,,,,,,,,,,,,,,,,,,,,,,,,,,,,,,,,,,,,,,,,,,,,,,,,,,,,,,,,,,,,,,,,,,,,,,
New York Magazine,Biden,13.0,1.0,14.0,3.0,21.0,1.0,6.0,,14.0,1.0,,6.0,,,3.0,1.0,,,1.0,,,3.0,3.0,11.0,4.0,,5.0,2.0,2.0,,4.0,2.0,5.0,,2.0,1.0,,2.0,4.0,,,3.0,4.0,8.0,4.0,,5.0,2.0,,2.0,3.0,,,1.0,,1.0,,,,,,2.0,5.0,5.0,5.0,2.0,1.0,9.0,3.0,,1.0,,,1.0,1.0,,1.0,2.0,1.0,,,,,4.0,2.0,1.0,,1.0,,,,,,3.0,,,2.0,,,1.0,,,,,,,1.0,11.0,4.0,6.0,,3.0,3.0,2.0,,1.0,,2.0,1.0,1.0,,4.0,1.0,,,7.0,2.0,1.0,1.0,1.0,,2.0,,7.0,2.0,,,2.0,,1.0,,,1.0,4.0,,,,,,,1.0,,,1.0,,,,,,1.0,,,,,3.0,1.0,,2.0,2.0,2.0,,4.0,,,,1.0,3.0,,,,1.0,,2.0,1.0,1.0,,1.0,,,,3.0,3.0,,3.0,1.0,,,,3.0,,1.0,5.0,,,,,,,,,1.0,1.0,,,,2.0,,2.0,1.0,,1.0,1.0,1.0,1.0,,1.0,1.0,3.0,,1.0,,,1.0,,,,2.0,,,1.0,1.0,3.0,1.0,1.0,,,,2.0,,,,,1.0,,1.0,,,,5.0,,4.0,,,,,,,1.0,,2.0,,,,,,,,2.0,1.0,,2.0,,2.0,1.0,5.0,,,,,,,,,,2.0,,2.0,,,,,,,,,,,,1.0,,,1.0,,,,,1.0,,,,,,1.0,,1.0,,,1.0,1.0,,,,,,,,,1.0,,1.0,,,3.0,,3.0,,,,1.0,,2.0,,,1.0,1.0,2.0,1.0,3.0,1.0,1.0,,,,,2.0,2.0,,,1.0,,,,,,1.0,,,,,,,,,,,1.0,,,,1.0,1.0,,,,1.0,,,,2.0,,1.0,1.0,,,1.0,1.0,,,,,1.0,,,,,2.0,,,2.0,1.0,2.0,1.0,,,,,,,1.0,,1.0,,,,1.0,,,1.0,1.0,1.0,,,,,1.0,,1.0,,,,,,1.0,,,1.0,,1.0,,,,,,,,,,,3.0,1.0,,,2.0,,,,1.0,,,,,,1.0,1.0,,,,,,,,1.0,2.0,,,,2.0,,,,,,1.0,,,1.0,,,,,,,,,,,,,,,,1.0,,1.0,3.0,,,,,,,4.0,1.0,,,1.0,,,1.0,,,,,1.0,,,1.0,,,,,,1.0,,,,1.0,3.0,,,,,,,,,,,,,,,2.0,,,,,,,,,,,,,,,,,,,,,,,,,,1.0,,,,,1.0,,,,,1.0,,,1.0,,,,,,,1.0,,,,,,1.0,,,,,,,,,,,,,,,,,,,2.0,,,,,,,,2.0,,,2.0,,,,,,,,,,,,,,,3.0,,,1.0,,,,,,,,,,,,,,,,,,,1.0,,,,,1.0,,,,,,,,,3.0,,,,1.0,,1.0,,,,,,,,,,,,,,,,,,,,,,,,,,,,,,,,,,,,,1.0,,,,,,,,,,,,,,1.0,,1.0,1.0,,,,,,,,,,,,,1.0,,,,,,,,,,,1.0,,,,,,,,,,,,,,,,,,,1.0,,,,,,,,,,,,,,,,,,,,,,,,,,,,1.0,,,,,,,2.0,,,,,,,,,,,,,,,,,1.0,,,,,,,,,,1.0,,1.0,,,,,,,,2.0,,,,,1.0,1.0,1.0,1.0,1.0,1.0,1.0,1.0,2.0,1.0,1.0,1.0,1.0,1.0,1.0,1.0,1.0,1.0,1.0,1.0,1.0,1.0,1.0,1.0,1.0,1.0,1.0,,,,,,,,,,,,,,,,,,,,,,,,,,,,,,,,,,,,,,,,,,,,,,,,,,,,,,,,,,,,,,,,,,,,,,,,,,,,,,,,,,,,,,,,,,,,,,,,,,,,,,,,,,,,,,,,,,,,,,,,,,,,,,,,,,,,,,,,,,,,,,,,,,,,,,,,,,,,,,,,,,,,,,,,,,,,,,,,,,,,,,,,,,,,,,,,,,,,,,,,,,,,,,,,,,,,,,,,,,,,,,,,,,,
New York Magazine,Kamala,,,2.0,,,,,,5.0,,,3.0,,,,,2.0,,,,,1.0,,1.0,,,,,,1.0,,,,,,,1.0,,2.0,,,,1.0,,,,1.0,,1.0,,,,,,,,,,,,,,1.0,,2.0,,,,,,,,,,,,1.0,1.0,,,,1.0,,,,,,,,,,,,,,,,,,1.0,,,,,,,,1.0,,2.0,,,,,,,,1.0,,,,,,,,2.0,,,,1.0,,,,,,,,,,,,,1.0,,,,,,,,,,,,,,,,,,,,,,,,,1.0,1.0,,,,,,1.0,,1.0,,,,,,,,1.0,,,,1.0,,,,,,2.0,,,,,,,1.0,1.0,,,,,,,,1.0,,,,,,,1.0,1.0,,,,,1.0,,,,,,,,2.0,2.0,,,,1.0,,,,,1.0,,,,,,,,,,,,,,,,,,,,,,,,,,,,,,,,,,,,,,,,,,,,,,,,,,2.0,,,,,,,,,,,,,,,,,,,,1.0,,,,,,,,,,,,,,,,,,,,,,,,,,1.0,,1.0,,,,,,,,,,,,,,,,,,,,,,,,,2.0,1.0,,,,,,,,,,,,,,,,,,,,,,,,,1.0,1.0,,2.0,,,,,,,,,,,,,,,,,,,,,,,,1.0,,,1.0,,,,,,,,1.0,,,,,,,,,,,,,,,,,,,,,,,,,,,,,,,,,,,,,,,,,,1.0,,,,,,,,,,,,,,,1.0,,,,1.0,,,,,,,,,,,,,,,,,,,,,,,,,,,,,,,,,,,,,,,,,,,,,,,,1.0,,,,,,,,,,,,,,,,,,,,,,1.0,,,,,,,,,,,,,,,,,,,,,,,,,,2.0,,,,,,,,,,,,,,,,,,,,,,,,,,,,,,,,1.0,,,,,,,,,,,,,,,,,,,,,,,1.0,,,,1.0,,,,,,,,,,,,,,,,,,,,,,,,,,,,,,,,,,,,,,,,,,,,,,,,,,,1.0,,,,,,,,,,,,,,1.0,,,,,,,,,,,,,,,,1.0,1.0,,,,,,,,,,,,,,,,,,,,,,,,,,,,,1.0,,,,,,,,,,,,,,,,,,,,,,,,,,,,,,,,2.0,,,,,,,,,,,,,,,,,,,,,,,,,,,,,,,,,,,,,,,,,,,,,,,,,,,,,,,,,,,,,,,,,,,,,,,,,,,,,,,,,,,,,,,,,,,,,,,,,,,,,,,,,,,,,,,,,,,,,,,,,,,,,,,,,,,,,,,,,,,,,,,,,,,,,1.0,1.0,1.0,1.0,,,,,,,,,,,,,,,,,,,,,,,,,,,,,,,,,,,,,,,,,,,,,,,,,,,,,,,,,,,,,,,,,,,,,,,,,,,,,,,,,,,,,,,,,,,,,,,,,,,,,,,,,,,,,,,,,,,,,,,,,,,,,,,,,,,,,,,,,,,,,,,,,,,,,,,,,,,,,,,,,,,,,,,,,,,,,,,,,,,,,,,,,,,,,,,,,,,,,,,
New York Magazine,Warren,1.0,2.0,5.0,3.0,5.0,3.0,1.0,4.0,11.0,,,,1.0,,1.0,,,,,,1.0,1.0,,,,1.0,2.0,1.0,,,2.0,1.0,7.0,,1.0,,2.0,,1.0,,,,1.0,1.0,1.0,1.0,3.0,2.0,,2.0,,,,1.0,,1.0,2.0,,,2.0,1.0,2.0,,,5.0,,,2.0,,,,,,,,,2.0,,,,,1.0,,1.0,,1.0,1.0,,1.0,2.0,1.0,1.0,,,,,,,1.0,,1.0,,,,,1.0,1.0,8.0,1.0,5.0,,1.0,,1.0,,,,,6.0,4.0,,,,,,2.0,,,,2.0,1.0,,,3.0,,,,,,2.0,1.0,,1.0,4.0,1.0,1.0,,,,,,,,,,,,,,1.0,,3.0,,,1.0,1.0,,2.0,2.0,,,,,,1.0,,,,,1.0,,,2.0,1.0,1.0,,,,,,1.0,,,2.0,,,,,2.0,,,1.0,,,,,,,,,,,,,,,,,1.0,,3.0,1.0,1.0,1.0,,,1.0,,,1.0,,2.0,,,1.0,,,,,,1.0,1.0,,,,,2.0,,,,,,1.0,,,,,,2.0,,,,,,,1.0,,1.0,,1.0,,,,,,,,1.0,,,1.0,,,,,,,,,,,1.0,,,1.0,,1.0,,,,1.0,,,,,,,,2.0,,,1.0,,1.0,1.0,,3.0,,,,,,,,,,,1.0,,,,,,,,,,,,,,,,,1.0,,1.0,,2.0,,1.0,,,,,,,,,,,,,,,,,,,,1.0,,,,,,,,,,,1.0,1.0,,,,,,,,,,1.0,,,,,,2.0,,,,,,,,,,,,,,,,1.0,2.0,,,1.0,,,,,,,,,,,,,,,,,,,,,,,,,,,,2.0,,,,,,,,,,1.0,1.0,,,,,,1.0,,,,,,,,,,,,,,1.0,,1.0,,,1.0,,,,,,1.0,,,,1.0,,,,,,,,1.0,,,,,,,,,,,,,,,,1.0,,,,,,,2.0,,,,1.0,,,,,,,,,,,,,,3.0,,,,,1.0,,,,,,,,,,,,,,,,2.0,1.0,1.0,,2.0,,1.0,,,,,,,1.0,,,,,2.0,,,,,,,,,,,,,,,,,,,,1.0,3.0,,,,,,,,,,,,,,,,,,,,,,,,,,,,,,,,2.0,1.0,,1.0,,,,,,,,,,,,,1.0,,,,,,,,,1.0,,1.0,,,,,,,1.0,,,,,,,,,,,,,,,,,,,,,,,,2.0,,1.0,,1.0,,,,,,,,,,1.0,,,,3.0,,,,,,2.0,,,,,,,1.0,,,,,,,,,,,,,,,,,,,,,,,,,,,,,,1.0,,,,,,,,,1.0,,1.0,,,,,,,,,,,,,,,,,,,,,,,,1.0,,1.0,,,,,,,,,,,,1.0,,,,,,,,,,,,,,,,,,,,,,,,,,,,,,,,,,,,,,,,,,,,,,,,,,,,,,,,,,2.0,,1.0,,,,,,,,,,,,1.0,,,,,,,,,,,,,,,,,,,,,,,,,,,,1.0,1.0,,,1.0,,,,,,,,,1.0,1.0,,,,,,,,1.0,1.0,1.0,1.0,1.0,1.0,1.0,1.0,1.0,1.0,1.0,1.0,1.0,,,,,,,,,,,,,,,,,,,,,,,,,,,,,,,,,,,,,,,,,,,,,,,,,,,,,,,,,,,,,,,,,,,,,,,,,,,,,,,,,,,,,,,,,,,,,,,,,,,,,,,,,,,,,,,,,,,,,,,,,,,,,,,,,,,,,,,,,,,,,,,,,,,,,,,,,,,,,,,,,,,,,,,,,,,,,,,,,,,,,,,,,,,,,,,,,,,,,,,,,,,
The New York Times,Bernie,,,8.0,,1.0,2.0,,,5.0,1.0,,1.0,1.0,,,,,,1.0,,1.0,1.0,,,,3.0,,,1.0,1.0,,5.0,3.0,,,,3.0,2.0,,,,,,1.0,1.0,2.0,1.0,,,,,,,2.0,,,,,,,,10.0,,1.0,2.0,,,1.0,,,,,,,,,3.0,,,,1.0,,,,,,,,,,1.0,,,,,,,,1.0,1.0,1.0,,,,,,,3.0,1.0,1.0,,,,2.0,,,,,2.0,1.0,,1.0,,,,,,,,,,,,2.0,,,,,,1.0,1.0,,,1.0,,,,,,,1.0,,,1.0,,,,,,,1.0,1.0,,,1.0,,,,,,,1.0,,,,,,,1.0,,,,,,,,,,,,1.0,1.0,1.0,,,,,,1.0,4.0,,,,,,,1.0,,,,,,,,,1.0,,,2.0,,1.0,3.0,,1.0,,,,,,1.0,,,,,,,,,,,1.0,1.0,,,,,,,,,,,,,,,,,,,,1.0,,,,,,1.0,,1.0,1.0,,,,,,,,,,1.0,,,1.0,,,,,,,,,,,,,3.0,,,,,,,,,,,,,,,,,,,,,,,,,,,,,,,,,,,,,,,,,,,,,,1.0,,,,1.0,,,,,,,,,,1.0,,,,,2.0,,,,,,,,,,,,,1.0,,,1.0,,,1.0,,,,,,,,,,,,,,,,2.0,,2.0,,1.0,,1.0,,,,,,,,1.0,2.0,,1.0,,1.0,,,,,1.0,,,,,,1.0,,,,3.0,,,,,1.0,,,,2.0,,5.0,,,,,,,,,,,,,,,,,,2.0,,,,,1.0,,,,1.0,1.0,,,,,1.0,1.0,,,,,,,,,,1.0,,,,,,1.0,,,,,,,,,,,,,,,,,,,,,,,,,,,,,,1.0,,1.0,1.0,1.0,,2.0,,,,,1.0,,,,,,,,,,,1.0,,,,,,1.0,,,,,,,1.0,,,,,,,,,,,,,,,,,,,,,,,2.0,,,1.0,,,,,,,,,,,,,,,,,,1.0,,,,,,,,,1.0,,,,,,,,,,,,,,,,,2.0,,,,,,,1.0,,,,,,,,,,,,,,,,1.0,,,,,,,,,,,,1.0,,,,,,,,1.0,,,1.0,,,,,,,,,,,,,1.0,,,,,,,,,,,,,,,,,,,,,,,,,,1.0,,,,,,,,,,,1.0,,,,,,,,,,,,,,,,,,,,,,,,,,,,,,,,,,,,1.0,,,,,,,,,,,,,,,,,,,,,,,,,,,,,,,1.0,,,,,,,,,,,,,,,,,,,,,1.0,,,,,,,,,,,,,,,,,,,,,,,,,,,,,,,,,,,,,,,,,,,,,,,,,,,,,,,,,,,,,,,,,,,1.0,,,,,,,,,,,,,,,,,,,,,,,,,,,,,,,,,,,,,,,,,,,,,,,,,,,,,,,,,,,,,,,,,,,,,,,,,,,,,1.0,1.0,1.0,1.0,2.0,1.0,,,,,,,,,,,,,,,,,,,,,,,,,,,,,,,,,,,,,,,,,,,,,,,,,,,,,,,,,,,,,,,,,,,,,,,,,,,,,,,,,,,,,,,,,,,,,,,,,,,,,,,,,,,,,,,,,,,,,,,,,,,,,,,,,,,,,,,,,,,,,,,,,,,,,,,,,,,,,,,,,,,,,,,,,,,,,,,,,,,
The New York Times,Biden,11.0,1.0,10.0,6.0,17.0,9.0,3.0,2.0,14.0,1.0,,1.0,1.0,,1.0,,3.0,1.0,1.0,,3.0,2.0,1.0,8.0,,3.0,3.0,1.0,1.0,,,3.0,4.0,,,3.0,3.0,1.0,1.0,,2.0,5.0,1.0,12.0,6.0,6.0,1.0,,2.0,2.0,1.0,2.0,,3.0,,,,,,1.0,4.0,4.0,3.0,2.0,1.0,,1.0,7.0,,,3.0,,,1.0,1.0,,2.0,,,2.0,1.0,1.0,,5.0,1.0,,,4.0,,2.0,,,2.0,,,,,,2.0,,,,,,,1.0,1.0,3.0,2.0,5.0,1.0,1.0,,1.0,,1.0,,,,2.0,1.0,2.0,,,,8.0,,1.0,,,,1.0,4.0,2.0,,,,,1.0,1.0,,,2.0,8.0,,,,,,,,,1.0,1.0,,,,2.0,,1.0,3.0,1.0,,,3.0,3.0,,,,1.0,1.0,3.0,,,,,3.0,,1.0,,,2.0,3.0,1.0,3.0,,,,,,2.0,4.0,1.0,,1.0,,,1.0,3.0,1.0,2.0,1.0,,,,,1.0,,1.0,3.0,4.0,,,,2.0,1.0,,,3.0,,1.0,,,,,,,1.0,,,,,,3.0,1.0,,,,,,1.0,,1.0,,,,,,,1.0,,,,1.0,2.0,,,,,,1.0,,,,,,1.0,1.0,,2.0,1.0,,,,1.0,,,,,,,,,,7.0,,,,1.0,1.0,,,,,2.0,,2.0,,,,,,,,,,,,,,,,1.0,,,1.0,2.0,,,,,,,1.0,,1.0,,,,,,,,,,,,,1.0,,,,1.0,,1.0,,2.0,,,,2.0,,,,,1.0,2.0,,,,,,,,1.0,,,,,,,,,,2.0,,,,,2.0,,,,1.0,1.0,,,,,,,,,2.0,,,,,1.0,,,1.0,,,,,,,,,4.0,,1.0,,,1.0,,2.0,1.0,,,1.0,,,,,,,,,,,,,,,1.0,,,1.0,,,,1.0,,,1.0,,,,,,,1.0,1.0,,,2.0,,,,,,,,,,,,,1.0,,,,1.0,,,,,,,,,,,1.0,,,1.0,,,,1.0,,,,,,,,,,,,,,,,,,,,,,,,,,1.0,,,1.0,,,1.0,,,3.0,,,,,,,,,,,,,,,,1.0,,,,,,,,1.0,,,,,1.0,1.0,,1.0,,,,,,,1.0,,,,,,1.0,,,,,,,,,,,,,,,,,,,1.0,,,,,,,,,,1.0,,,,,,,1.0,,,,,,,,,,,,,,,,,,,,,,,,1.0,,,,1.0,,,,,,,1.0,,,,,,,,,,,,,,,,,1.0,,,,,,,,,1.0,,,2.0,1.0,,,,,,,,1.0,,,,,,2.0,,,,,,,,3.0,,,,,,,,,,,,,,,,,,,,1.0,,,,,,,,,,,,,,,,,,1.0,1.0,,,,,1.0,,,,1.0,,,,1.0,,,,,,1.0,,,,,,,,,,,,,,,3.0,,,,,,,,,,,,,1.0,,,,,,,,,,,,,,,,,,,,,,,,,,,1.0,,,,,,,,,,,,,,1.0,1.0,,,,,,,,,,2.0,,,,,,,,,,,,1.0,1.0,,,,,,,,,,,,,,,1.0,,,,,1.0,,,,,,1.0,,1.0,,,,,,2.0,,,,,,,,,,,,,,,,,,1.0,1.0,,,,,,,,,1.0,,,,,,,,,,,,,,,,,,,,,,,,,,,,,,,,1.0,1.0,1.0,1.0,1.0,1.0,1.0,1.0,2.0,1.0,1.0,1.0,1.0,1.0,,,,,,,,,,,,,,,,,,,,,,,,,,,,,,,,,,,,,,,,,,,,,,,,,,,,,,,,,,,,,,,,,,,,,,,,,,,,,,,,,,,,,,,,,,,,,,,,,,,,,,,,,,,,,,,,,,,,,,,,,,,,,,,,,,,,,,,,,,,,,,,,,,,,,,,,,,,,,,,,,,,,,,,,,,,,,,,,,,,,,,,,,
The New York Times,Kamala,1.0,,,,,2.0,1.0,,1.0,1.0,,,,,,,,,,,,,,,1.0,,,,,,,1.0,2.0,,,,,,,,,,,,,2.0,,,,,,,,,,,1.0,,,1.0,,,,,2.0,,,2.0,,,,,,,,,2.0,,,,,,,1.0,,,,,,,,,,,,,,,,,,,,,,1.0,,1.0,1.0,,,,,,,,,2.0,,,,,,,,1.0,,,1.0,,,,,,,,,,,,,,,,,,,,,,,,,,,,,,,,,,,,,,,,,,,,,,,,,,,,,,,,,,,,,,,,,,,,,,,,,,,1.0,,,2.0,,,,,,,,,,,,,,,,,,,,,,,,,,,,,,,,,,,,,,,,,,,,,,,,,,,,,,,,,,,,,,,,1.0,,,,,,,,,,,,,,,,,,,,,,,,,,,,,,1.0,,,,,,,,,,,,,,,,,,,,,,,,,,,1.0,,,,3.0,,,,,,,,,,,,1.0,,,,,,,,,,,,,,,,,,,,,,,,,,,,,,,,,,,1.0,,,,,,,,,,,,,,,,,,,,,,,,,,,,,,,,,,,,,,,,,,,,,,,,,,,,,,,,,,,,,1.0,,,,,,,,,,,,,,,,,,,,1.0,,,,,,,,,,,,,,,,1.0,,,,,,,,,,,,,,,,,,,,,,,,,,,,,,,,,,,,,,,,,,,,,,,,,1.0,,,,,,,,,,,,,,,,,,,,,,,1.0,,,,,,,,,,,,,,,,,,,,,,,,,,,,,,,,,,,,,,,,,,,,,,,,,,,,,,1.0,,,,,,,,,,,,,,2.0,,,,,,,,,,,,,,,,,,1.0,,,,,,,,,,,,,,,,,,,,,,,,,,,,,,,,,,,,,,,,,,,,,,,,,,,,,,,,,,,,,,,,,,,,,1.0,,,,,,1.0,,,,,,,,,,,,,,,,,,,,,,,,,,,,,,,,,,,,,,,,,,,,,,,,,,,,,,,,,,,,,,,,,,,,,,,,,,,,,,,,,,,,,,,,,,,,,,,,,,,,,,,,,,,,,,,,,,,,,,,,,,,,,,,,,,,,,,,,,,,,,,,,,,,,,,,,,,,,,,,,,,,,,,,,,,,,,,,,,,,,,,,,,,,,,,,,,,,,,,,,,,,,,,,,,,,,,,,,,,,,,,,,,,,,1.0,,,,,,,,,,,,,,,,,,,,,,,1.0,,,,,,,,,1.0,1.0,,,,,,,,,,,,,,,,,,,,,,,,,,,,,,,,,,,,,,,,,,,,,,,,,,,,,,,,,,,,,,,,,,,,,,,,,,,,,,,,,,,,,,,,,,,,,,,,,,,,,,,,,,,,,,,,,,,,,,,,,,,,,,,,,,,,,,,,,,,,,,,,,,,,,,,,,,,,,,,,,,,,,,,,,
The New York Times,Warren,3.0,,4.0,3.0,3.0,1.0,2.0,3.0,3.0,,,,,,,,,,1.0,,,,,,,6.0,2.0,1.0,1.0,,1.0,1.0,3.0,,,1.0,5.0,,2.0,,,,,3.0,,3.0,4.0,1.0,,1.0,,,,,,,1.0,,,1.0,2.0,10.0,1.0,,2.0,,,1.0,,,,,,,,,2.0,1.0,1.0,,,,,,,,2.0,,1.0,,1.0,,,,,,,,1.0,,,,,,1.0,,,2.0,,1.0,,4.0,,,,,,,3.0,,,5.0,,2.0,,5.0,,,,,,,,,,,,,,,1.0,,1.0,1.0,,,,,,,1.0,,,,,,,1.0,,,1.0,2.0,2.0,,,,,,,2.0,,1.0,,,,,3.0,1.0,,1.0,,,,,1.0,,,,,,1.0,1.0,,,,,,,1.0,,,2.0,1.0,,,,,,,,,,,,,,,,4.0,,1.0,,,,,2.0,,,,,,,,1.0,,,,,,,,1.0,,,,,,,,,1.0,,,,,,,,,,,,,,,,,,,,,,1.0,,1.0,,,1.0,,,,,,,,,1.0,,,1.0,,,,,,,5.0,,,,,,,,2.0,,,,,,,1.0,1.0,1.0,3.0,,,,,,,,,,,,,,,,,1.0,,,,,,,,,,,2.0,1.0,,,1.0,,,,,,,,,,1.0,,,,,,,,,,,,,,,,1.0,,,,,,,,,,,,,1.0,1.0,,,,,,,,,,,,1.0,,,,,,,,,,,,1.0,2.0,,,,2.0,,,1.0,,1.0,,,,,1.0,,,,,,,,,,,,1.0,,,,,,,,,,,,,,,,,,,1.0,,,,,,,,,,,,,,,,,,1.0,1.0,,,,1.0,,,,,,,,,1.0,1.0,,,1.0,,,,,1.0,,,,,,1.0,,,,,,,,,,,,,1.0,,,,,,,1.0,,1.0,,,,,,,,,,,,,1.0,,,,,,,,,,,1.0,,,,,1.0,2.0,1.0,,,,,,,,,,,,,,,,,,,1.0,,,,1.0,1.0,,,,,,,,2.0,,,,,,,,,,,,,,,,,,,,,,,,,,,,,,,,,,,,,,1.0,,,,,,,,,,,,,,,,,,,,,,,,,,,1.0,,,,,,,,,,,,,,,,,,,,,,,,,,,,,,,,,,,,,,1.0,,,,,,,,,,,1.0,,,,,,,,,,,,,1.0,,,,,,,1.0,,,,,,,,,,,,,,,,,,,,,,,,,,,,,,,,,,,,,,,1.0,1.0,,,,,,,,,,,,,,,,,,,,,,,,,,,,,,,,,,,,,,,,,,,,,,,,,,,,,,,,,,,,1.0,,,,,,,,,,,,,,1.0,,,,,,,,,,,,,,,,,,,,,,,,,1.0,,,,,,,,,,,,,,,,,,,,,,,,,,,,1.0,,,,,,,,,1.0,,,,,,,,,,,,,,,,,,,,,,,,,,,,,,,,,,,,,,,,,,,,,,,,,,,,,,,,1.0,,,,,,1.0,1.0,1.0,1.0,1.0,1.0,1.0,1.0,,,,,,,,,,,,,,,,,,,,,,,,,,,,,,,,,,,,,,,,,,,,,,,,,,,,,,,,,,,,,,,,,,,,,,,,,,,,,,,,,,,,,,,,,,,,,,,,,,,,,,,,,,,,,,,,,,,,,,,,,,,,,,,,,,,,,,,,,,,,,,,,,,,,,,,,,,,,,,,,,,,,,,,,,,,
The Wall Street Journal,Bernie,,,1.0,,,2.0,,,,,,,,,,,,,,,,,,,,,,,,,,,,,1.0,,,,,,,,,,,,,,,,,,,1.0,,,,,,,,1.0,,,,,,,,,,,,,,,,,,,,,,,,1.0,,,,1.0,,,,,,,,,,,,,,,,,,1.0,,,,,,,,,,,,,,,,,,,,,,,,,,,,,,,,,,,,,,,,,,,,,,,,,,,,,,,,,,,,,,,,,,,,,,,,,,,,,,,,,,,,,,,,,,,,,,,,,,,,,,,,,,,,,,,,,,,,,,,,,,,,,,,,,,,,,,,,,,,,,,,,,,,,,,,,,,,,,,,,,,,,,,,,,,,,,,,,,,,,,,,,,,,,,,,,,,,,,,,,,,,,,,,2.0,,,,,,,,,,,,,,,,,,,,,,,,,,,,,,,,,,,,,,,,,,,,,,,,,2.0,,,,,,,,,,,,,,,,,,,,,,,,,,,,,,,,,,,,,,,,,,,,,,,,,,,,,,,,,,,,,,,,,,,1.0,,,,,,,,,,,,,,,,,,,,,,,,,,,,,,,,,,,,,,,,1.0,,,,,,,,,,,,,,,,,,,,,,,,,,,,,,,,,,,,,,,,,,,,,,,,,,,,,,,,,,,,,,,,,,,,,,,,,,,,,,,,,,,,,,,,,,,,,,,,,,,,,,,,,,,,,,,,,,,,,,,,,,,,,,,,,,,,,,,,,,,,,,,,,,,,,,,,,,,,,,,,,,,,,,,,,,,,,,,,,,,,,,,,,,,,,,,,,,,,,,,,,,,,,,,,,,,,,,,,,,,,,,,1.0,,,,,,,,,,,,,,,,,,,,,,,,,,,,,,,,,,,,,,,,,,,,,,,,,,,,,,,,,,,,,,,,,,,,,,,,,,,,,,,,,,,,,,,,,,,,,,,,,,,,,,,,,,,,,,,,,,,,,,,,,,,,,,,,,,,,,,,,,,,,,,,,,,,,,,,,,,,,,,,,,,,,,,,,,,,,,,,,,,,,,,,,,,,,,,,,,,,,,,,,,,,,,,,,,,,,,,,,,,,,,,,,,,,,,,,,,,,,,,,,,,,,,,,,,,,,,,,,,,,,,,,,,,,,,,,,,,,,,,,,,,1.0,,,,,,,,,,,,,,,,,,,,,,,,,,,,,,,,,,,,,,,,,,,,,,,,,,,,,,,,,,,,,,,,,,,,,,,,,,,,,,,,,,,,,,,,,,,,,,,,,,,,,,,,,,,,,,,,,,,,,,,,,,,,,,,,,,,,,,,,,,,,,,,,,,,,,,,,,,,,,,,,,,,
The Wall Street Journal,Biden,,,1.0,1.0,15.0,,,1.0,2.0,,,,,,,,1.0,,,,,,,3.0,,,1.0,,,,,,,,,7.0,,,,,,,,3.0,1.0,1.0,,,,,,,,2.0,,,,,,,,,,,1.0,,,,,,,,,,,,,,,,,2.0,,,,,,,,,,,,,,,,,,,,,,,,,1.0,1.0,,6.0,,,,,,,,,,,,,,1.0,,1.0,,,,,,,,,,,,,,,,,,1.0,,,,,,,,,,,,,,,,,2.0,,,,,,,,,2.0,,,,,,1.0,,,,,,,,,,,,,,,,1.0,,,,,,,3.0,,,,,,,,,,,1.0,1.0,,,1.0,,,,,1.0,,,,1.0,1.0,,,1.0,3.0,,,,,1.0,,,,,,,,,,,,,,1.0,,,,,,,,,,,,,,,,,,,,,,,,,,,,1.0,,,,,,,,1.0,,,,2.0,,,,,,,,,,,,,,,,,,4.0,,,,2.0,,,,,,,,,,,,1.0,,,1.0,,,,,,,,,,,,,,,,,,,,,,,,,,,,,,,,,,,,,,1.0,,,,,,,,,,,,,,,,,,,,,,,,,,,,,,,,,,,,,1.0,,,,,,,,,,,,,,,1.0,,,,,,,,,,,,,,,,,,,,,,,,,,,,,,,,,,,,,,,,,,,,,,,,,,,,,,,,,,,,,,,,,,,,,,,,,,,,,,,,,,,,,,,,,,,,,,,,,,,,,,,,,,,,,,,1.0,,,,,,,,,,,,,,,,,,,,,,,,,,,,,,,,,1.0,,,,,,,,,,,,,,,1.0,,,,,,,,,,,,,,,,,,,,,,,,,,,2.0,,,,,,,,,,,,,,,,,,,,,,,,,,,,,,,,,,,,,,,,,,,,,,,,,,,,,,,,,,,,,,,,,,,,1.0,,,,,,,,,,,,,,,,,,,,,,,,,,1.0,,,,,,,,,,,,,,,,,,,,,,,,,,,,,,1.0,,,,,,,,,,,,,,,,,,,,,,,,,,,,,,,,,,,,,,,1.0,,,,,,1.0,,,,,,,,,,,,,,,,,,,,,,,,,,,,,,,,,,,,,,,,,,,,,,,,,,,,,,,,,,,,,,,,,,,,,,,,,,,,,,,,,,,,,,,,,,,,,,,,,,,,,,,,,,,,,,,,,,,,,,,,,,,,,,,,,,,2.0,,1.0,,,,,,,,,,,,,,,,,,,,,,,,,,,,,,,,1.0,,,,,,,,,,,,,,,,,,,,,,,,,,,,,,,,,,,,,1.0,1.0,1.0,1.0,1.0,,,,,,,,,,,,,,,,,,,,,,,,,,,,,,,,,,,,,,,,,,,,,,,,,,,,,,,,,,,,,,,,,,,,,,,,,,,,,,,,,,,,,,,,,,,,,,,,,,,,,,,,,,,,,,,,,,,,,,,,,,,,,,,,,,,,,,,,,,,,,,,,,,,,,,,,,,,,,,,,,,,,
The Wall Street Journal,Kamala,,,,,,,,,,,,,,,,,,,,,,,,,,1.0,,,,,,,,,,,,,,,,,,,,1.0,,,,,,,,,,,,,,,,,,,,,,,,,,,,,,,,,,,,,,,,,,,,,,,,,,,,,,,,,,,,,,,,,,,,,,,,,,,,,,,,,,,,,,,,,,,,,,,,,,,,,,,,,,,,,,,,,,,,,,,,,,,,,,,,,,,,,,,,,,,,,,,,,,,,,,,,,,,,,,,,,,,,,,,,,,,,,,,,,,,,,,,,,,,,,,,,,,,,,,,,,,,,,,,,,,,,,,,,,,,,,,,,,,,,,,,,,,,,,,,,,,,,,,1.0,,,,,,,,,,,,,,,,,,,,,,,,,,,,,,,,,,,,,,,,,,,,,,,,,,,,,,,,,,,,,,,,,,,,,,,,,,,,,,,,,,,,,,,,,,,,,,,,,,,,1.0,,,,,,,,,,,,,,,,,,,,,,,,,,,,,,,,,,,,,,,,,,,,,,,,,,,,,,,,,,,,,,,,,,,,,,,,,,,,,,,,,,,,,,,,,,,,,,,,,,,,,,,,,,,,,,,,,,,,,,,,,,,,,,,,,,,,,,,,,,,,,1.0,,,,,,,,,,,,,,,,,,,,,,,,,,,,,,,,,,,,,,,,,,,,,,,,,,,,,,,,,,,,,,,,,,,,,,,,,,,,,1.0,,,,,,,,,,,,,,,,,,,,,,,,,,,,,,,,,,,,,,,,,,,,,,,,,,,,,,,,,,,,,,,,,,,,,,,,,,,,,,,,,,,,,,,,,,,,,,,,,,,,,,,,,,,,,,,,,,,,,,,,,,,,,,,,,,,,,,,,,,,,,,,,,,,,,,,,,,,,,,,,,,,,,,,,,,,,,,,,,,,,,,,,,,,,,,,,,,,,,,,,,,,,,,,,,,,,,,,,,,,,,,,,,,,,,,,,,,,,,,,,,,,,,,,,,,,,,,,,,,,,,,,,,,,,,,,,,,,,,,,,,,,,,,,,,,,,,,,,,,,,,,,,,,,,,,,,,,,,,,,,,,,,,,,,,,,,,,,,,,,,,,,,,,,,,,,,,,,,,,,,,,,,,,,,,,,,,,,,,,,,,,,,,,,,,,,,,,,,,,,,,,,,,,,,,,,,,,,,,,,,,,,,,,,,,,,,,,,,,,,,,,,,,,,,,,,,,,,,,,,,,,,,,,,,,,,,,,,,,,,,,,,,,,,,,,,,,,,,,,,,,,,,,,,,,,,,,,,,,,,,,,,,,,,,,
The Wall Street Journal,Warren,,1.0,4.0,,1.0,2.0,,,,,,,,,,,,,1.0,,,,,,,,,,,,,1.0,1.0,,1.0,,,,,,,,,,,1.0,1.0,,,,,,,,,,2.0,,,,,,,,,,,,,,,,,,,,,,,,,,,,,,,,,,,,,,,,,,,,,,,,,,,3.0,3.0,2.0,,,,2.0,,,,,1.0,,,,,,,,,,,,,,,,,,,,,,,,1.0,,,,,,,,,,1.0,,,,,,,,2.0,,,,,,,1.0,,,,,,,,,1.0,,,,,,,,,,,,,,,,,,,,,,,,,,,,,,,,,,,,,,,,,,,,1.0,,,,,,,,,,,,,,,,,,,,,,,,,,,,,,,,,,,,,2.0,,,,,,,,,,1.0,,1.0,,,,,,,,,,,,,,,,,,,,,,,,,,,,,,,,,,,,,,,,,,2.0,,,1.0,,,,,,,,,,,,,1.0,,,,,,,,,,,,,,,,,,,1.0,,,,,,,,,,,,,,,,,1.0,,,,,,,,,,,,,,,,2.0,,,,,,,,,,,,,,,,,,,1.0,,,,,,,,,,,,,,,,,,,,,,,,,,,,,,,,,,,,,,,,,,,,,,,,,,,,,,,,,,1.0,,,,,,,,,,,,,,1.0,,,,,,,,,,,,,,,,,,,,,,,,,,,,,,,,,,,,,,,,,,,,,,,,,,,,,,,,,,,,,,,,,,,,,,,,,,,,,,,,,,,,,,,,,,,,,,,,,,,,,,,,,,,,,,,,,,,,,,,,,,,,,,,,,,,,,,,,,,,,,,,,,,,,,,,,,,,,,,,,,,,,,,,,,,,,,,,,,,,,,,,,,,,,,,,,,,,,,,,,,,,,,,,,,,,,,,,,,,,,,,,,,,,,,,,,,,,,,,,,,,,,,,,,,,,,,1.0,,,,,,,,,,,,,,,,,,,,,,,,,,,,,,,,,,,,,,,,,,,,,,,,,,,,,,,,,,,,,,,,,,,,,,,,,,,,,,,,,2.0,,,,,,,,,,,,,,,,,,,,,,,,,,,,,,,,,,,,,,,,,,,,,,,,,,,,,,,,,,,,,,,,,,,,,,,,,,,1.0,1.0,,,,,,,,,,,,,,,,,,,,,,,,,,,,,,,,,,,,,,,,,,,,,,,,,,,,,,,,,,,,,,,,,,,,,1.0,,,,,,,,,,,,,,,,,,,,,,,,,,,,,,,,,,,,,,,,,,,,,,,,,,,,,,,,,,,,,,,,,,,,,,,,,,,,,,,,,,,,,,,,,,,,,,,,,,,,,,,,,,,,,,,,,,,,,,,,,,,,,,,,,,,,,,,,,,,,,,,,,,,,,,,,,,,,,,,,,,,,,,,,,,,,,,,,,,,,,,,,,,,,,
The Washington Post,Bernie,12.0,2.0,37.0,3.0,16.0,12.0,9.0,26.0,29.0,7.0,2.0,8.0,2.0,,3.0,,5.0,,2.0,,2.0,5.0,1.0,1.0,1.0,1.0,4.0,1.0,3.0,2.0,9.0,8.0,14.0,,7.0,2.0,11.0,7.0,,3.0,2.0,,3.0,12.0,9.0,23.0,8.0,3.0,2.0,8.0,2.0,1.0,3.0,11.0,,1.0,2.0,1.0,,4.0,4.0,26.0,1.0,6.0,20.0,,5.0,11.0,3.0,,1.0,3.0,1.0,,1.0,,8.0,5.0,2.0,,,,1.0,3.0,,2.0,,2.0,,1.0,1.0,3.0,2.0,,,3.0,,1.0,2.0,1.0,5.0,,,,2.0,,3.0,25.0,12.0,9.0,,3.0,1.0,11.0,,,,3.0,17.0,2.0,2.0,3.0,,3.0,,4.0,2.0,4.0,4.0,1.0,,,4.0,5.0,,,,,,,2.0,2.0,7.0,8.0,,1.0,,1.0,,,3.0,,2.0,2.0,,,,5.0,2.0,3.0,6.0,4.0,1.0,,7.0,,,7.0,,12.0,1.0,2.0,,,1.0,,4.0,1.0,1.0,,,1.0,8.0,,1.0,,,1.0,2.0,2.0,5.0,3.0,1.0,3.0,1.0,1.0,,3.0,1.0,6.0,1.0,6.0,1.0,1.0,,2.0,2.0,,1.0,2.0,4.0,,,4.0,1.0,1.0,,1.0,9.0,,11.0,10.0,1.0,6.0,3.0,,,,,2.0,,4.0,,1.0,2.0,1.0,,,1.0,,,,1.0,,,,2.0,,,1.0,5.0,,5.0,,,,,1.0,5.0,,2.0,,,,,2.0,,3.0,,4.0,1.0,,1.0,,1.0,,,1.0,,1.0,1.0,2.0,1.0,3.0,1.0,1.0,,,,,,,,,2.0,,11.0,,,,1.0,1.0,,,5.0,2.0,,1.0,1.0,,,3.0,5.0,2.0,2.0,,1.0,,,1.0,1.0,,,1.0,1.0,,,2.0,3.0,,,1.0,2.0,4.0,,,,1.0,,,,,6.0,2.0,3.0,,2.0,,3.0,,1.0,,,1.0,,1.0,1.0,2.0,,,1.0,2.0,3.0,3.0,1.0,2.0,,2.0,1.0,1.0,,,1.0,,2.0,,,,,1.0,1.0,1.0,,,,,1.0,1.0,,8.0,2.0,,3.0,,,1.0,,,7.0,,,,,,,1.0,,,,1.0,7.0,1.0,1.0,1.0,,2.0,,,2.0,3.0,5.0,1.0,,,4.0,4.0,3.0,,2.0,,19.0,3.0,1.0,,1.0,7.0,,1.0,,,1.0,10.0,,9.0,1.0,3.0,1.0,2.0,,1.0,11.0,2.0,,1.0,2.0,1.0,1.0,10.0,2.0,4.0,,1.0,,2.0,,1.0,,,4.0,1.0,10.0,,2.0,,2.0,1.0,2.0,1.0,,1.0,2.0,,1.0,,2.0,3.0,,7.0,,4.0,,1.0,2.0,1.0,,,2.0,1.0,,,1.0,,,,2.0,,,,,1.0,,,1.0,,,1.0,1.0,,,,,1.0,1.0,4.0,1.0,1.0,,,,1.0,,1.0,3.0,,,2.0,,,1.0,,,,,2.0,,,1.0,2.0,,1.0,,5.0,,1.0,,,3.0,,,,,,,,2.0,,1.0,,,1.0,,,,,,1.0,,,,6.0,,,,,,,,,,1.0,,,1.0,,,,1.0,,,2.0,,5.0,,,,,,1.0,,,,,,,,,,,,,,,1.0,,,3.0,1.0,,,,,,,2.0,3.0,,,,1.0,,,1.0,,,,,,,,,,,,2.0,,,,,,,1.0,,,,,,,,,1.0,,,,,,,,,,1.0,1.0,,,1.0,,,,,,,,4.0,1.0,,,2.0,,,,,,,,,,,,,,3.0,,4.0,1.0,,,,,,,,,2.0,1.0,,,1.0,,3.0,,1.0,,,,,,,,1.0,,,,,,,,,,,,,,,,,,,,,1.0,,,,3.0,,1.0,3.0,1.0,,,,,,,,,,1.0,2.0,2.0,,2.0,,,,,,,,,,1.0,2.0,,,,,,,,,,2.0,,,,,2.0,1.0,1.0,2.0,,,,,,,,,,,,,,2.0,,,,,,,,,,1.0,1.0,3.0,,,,,,,,,,,,1.0,,,1.0,,,,,,,,,,,,,,,,,,,,1.0,,,2.0,,,,1.0,,,,,1.0,,,,2.0,1.0,,,,,,,,1.0,,,,1.0,,,,,1.0,,,,,,1.0,,,,,,,,,,,,,,2.0,,,,,,,,,,,,,,,,,,,2.0,,,,,,,1.0,,1.0,,,2.0,3.0,3.0,,,,,,,,,,,,,,,,1.0,,,,,,,,,2.0,,,,,,,,,,,,,1.0,,,,,,,,,,,,,,1.0,,,,,,,,,,,,,,,1.0,1.0,,,,,,,,1.0,,,,,,,3.0,,1.0,,,,,,,1.0,,,,,,,,,,,,1.0,1.0,1.0,2.0,2.0,1.0,1.0,1.0,1.0,1.0,1.0,1.0,1.0,1.0,1.0,1.0,1.0,1.0,1.0,1.0,1.0,1.0,1.0,1.0,1.0,,,,,,,,,,,,,,,,,,,,,,,,,,,,,,,,,,,,,,,,,,,,,,,,,,,,,
The Washington Post,Biden,65.0,5.0,70.0,37.0,319.0,26.0,10.0,19.0,71.0,7.0,4.0,25.0,9.0,5.0,37.0,,4.0,10.0,4.0,1.0,4.0,8.0,24.0,76.0,15.0,21.0,16.0,3.0,15.0,2.0,6.0,11.0,52.0,,1.0,30.0,22.0,20.0,25.0,,2.0,25.0,9.0,112.0,32.0,21.0,6.0,3.0,1.0,23.0,20.0,,4.0,23.0,7.0,10.0,4.0,2.0,3.0,20.0,11.0,18.0,47.0,25.0,19.0,1.0,9.0,64.0,4.0,,17.0,5.0,6.0,1.0,9.0,,9.0,9.0,5.0,6.0,10.0,14.0,,19.0,7.0,5.0,1.0,17.0,1.0,3.0,1.0,5.0,2.0,5.0,2.0,4.0,8.0,2.0,7.0,8.0,5.0,1.0,1.0,,12.0,4.0,40.0,37.0,26.0,91.0,2.0,20.0,3.0,5.0,1.0,4.0,,8.0,9.0,8.0,1.0,7.0,2.0,5.0,1.0,14.0,1.0,7.0,4.0,11.0,,17.0,2.0,17.0,,,,3.0,1.0,9.0,2.0,2.0,21.0,11.0,,2.0,4.0,2.0,,3.0,3.0,,1.0,3.0,,,,4.0,2.0,4.0,4.0,1.0,4.0,1.0,9.0,3.0,,17.0,6.0,13.0,4.0,4.0,1.0,4.0,9.0,,17.0,2.0,1.0,1.0,,1.0,4.0,5.0,3.0,4.0,,3.0,4.0,,11.0,9.0,3.0,6.0,5.0,,,2.0,44.0,5.0,9.0,33.0,4.0,4.0,,1.0,10.0,,5.0,9.0,31.0,3.0,7.0,15.0,2.0,19.0,,1.0,52.0,,14.0,7.0,12.0,8.0,7.0,1.0,7.0,20.0,2.0,4.0,,7.0,4.0,1.0,2.0,4.0,2.0,,1.0,11.0,,10.0,1.0,,1.0,2.0,12.0,10.0,,6.0,2.0,3.0,,6.0,3.0,,2.0,2.0,4.0,2.0,1.0,2.0,,,2.0,7.0,7.0,17.0,,7.0,19.0,1.0,2.0,1.0,3.0,2.0,,7.0,3.0,,10.0,,8.0,8.0,42.0,4.0,9.0,,3.0,6.0,2.0,,2.0,,5.0,2.0,12.0,,,1.0,4.0,1.0,,,12.0,,,,50.0,,,3.0,4.0,1.0,1.0,1.0,6.0,,1.0,1.0,1.0,,,2.0,6.0,,1.0,17.0,4.0,,,3.0,1.0,6.0,,1.0,1.0,4.0,2.0,3.0,,,7.0,4.0,13.0,,7.0,,6.0,,4.0,,,3.0,,2.0,6.0,8.0,,2.0,4.0,8.0,2.0,8.0,,4.0,,,6.0,4.0,,3.0,4.0,5.0,9.0,2.0,3.0,4.0,,1.0,,1.0,,2.0,,2.0,5.0,,,1.0,6.0,1.0,2.0,8.0,12.0,2.0,2.0,,8.0,2.0,4.0,3.0,1.0,1.0,,1.0,,,1.0,2.0,11.0,1.0,,6.0,6.0,2.0,,4.0,3.0,,3.0,1.0,,2.0,5.0,1.0,4.0,2.0,8.0,,3.0,3.0,1.0,,2.0,1.0,,,1.0,,,,,3.0,,,3.0,,1.0,3.0,2.0,1.0,1.0,4.0,1.0,4.0,1.0,4.0,,1.0,1.0,1.0,,3.0,,,,,6.0,1.0,2.0,2.0,1.0,,8.0,3.0,2.0,1.0,,,2.0,,,,3.0,5.0,,,2.0,2.0,,4.0,2.0,,,,10.0,,,5.0,1.0,,,1.0,,,1.0,1.0,2.0,1.0,1.0,,,,,1.0,2.0,,,,,,2.0,2.0,11.0,1.0,1.0,2.0,2.0,,3.0,16.0,3.0,1.0,1.0,1.0,,2.0,,,,2.0,,2.0,,,5.0,1.0,4.0,3.0,,2.0,2.0,,2.0,2.0,4.0,14.0,4.0,3.0,,1.0,,3.0,9.0,,2.0,,1.0,1.0,,,,,2.0,2.0,,,1.0,14.0,,1.0,,1.0,,,1.0,1.0,,2.0,,1.0,,,,4.0,2.0,,,6.0,2.0,11.0,,,,,,1.0,4.0,,,1.0,1.0,,,,,,1.0,,2.0,2.0,1.0,2.0,8.0,7.0,6.0,,,1.0,1.0,1.0,3.0,4.0,6.0,,,1.0,1.0,5.0,2.0,,1.0,,3.0,,,,2.0,,1.0,2.0,,3.0,5.0,,1.0,1.0,,,,4.0,2.0,,1.0,1.0,4.0,1.0,1.0,2.0,,2.0,,1.0,,,,,,,,2.0,,,2.0,,2.0,1.0,,,,2.0,2.0,2.0,1.0,2.0,1.0,1.0,,,2.0,1.0,1.0,1.0,1.0,4.0,,4.0,,1.0,,3.0,4.0,,,2.0,,1.0,,,,4.0,,4.0,,2.0,,1.0,1.0,,,,,1.0,,,,,,2.0,,1.0,,1.0,,1.0,,4.0,,7.0,,1.0,,1.0,,2.0,1.0,,1.0,1.0,,,2.0,,1.0,,1.0,,3.0,,,,1.0,3.0,1.0,,4.0,1.0,6.0,,1.0,,,,4.0,,,,,,,,,1.0,,,,,,1.0,,3.0,3.0,,1.0,,2.0,,3.0,,1.0,,1.0,,,,,,,1.0,,1.0,,,,,,,,1.0,,1.0,,2.0,,,,,,,2.0,,,2.0,,,1.0,,,,1.0,,,,1.0,,2.0,,1.0,1.0,1.0,,,,,,,,,1.0,,,2.0,,,,,1.0,,,2.0,3.0,1.0,1.0,,,1.0,1.0,,,,,,,,,,,,5.0,,3.0,,,,,,,,,,1.0,1.0,1.0,1.0,,,,,,,,,,,,,,,1.0,,,,1.0,,1.0,,,1.0,1.0,,,,,,,,4.0,,,,,2.0,,,1.0,,,,,,,1.0,1.0,1.0,,,,,,1.0,,,1.0,1.0,,1.0,1.0,1.0,1.0,1.0,1.0,2.0,2.0,1.0,5.0,1.0,1.0,1.0,1.0,2.0,1.0,1.0,1.0,1.0,1.0,1.0,2.0,1.0,1.0,1.0,2.0,4.0,2.0,3.0,1.0,4.0,1.0,2.0,2.0,1.0,1.0,1.0,1.0,1.0,1.0,1.0,1.0,1.0,1.0,1.0,1.0,1.0,1.0,2.0,1.0,1.0,1.0,1.0,1.0,1.0,1.0,1.0,1.0,1.0,1.0,1.0,1.0,1.0,1.0,1.0,1.0,1.0,1.0,1.0,1.0,1.0,1.0,1.0,1.0,1.0,1.0,1.0,1.0,1.0,1.0,1.0,1.0,1.0,1.0,1.0,,,,,,,,,,,,,,,,,,,,,,,,,,,,,,,,,,,,,,,,,,,,,,,,,,,,,,,,,,,,,,,,,,,,,,,,,,,,,,
The Washington Post,Kamala,4.0,1.0,18.0,7.0,5.0,8.0,7.0,1.0,9.0,6.0,,2.0,,1.0,1.0,,1.0,1.0,,,1.0,1.0,1.0,6.0,1.0,4.0,1.0,,,,1.0,2.0,6.0,1.0,,3.0,3.0,4.0,,,,1.0,,6.0,2.0,5.0,4.0,2.0,,3.0,1.0,,3.0,3.0,2.0,,,,1.0,9.0,1.0,7.0,2.0,3.0,3.0,,1.0,4.0,1.0,,,,,,2.0,,,,,,,,,4.0,1.0,1.0,,,,1.0,,,1.0,,,,,,2.0,,,,,1.0,1.0,1.0,3.0,7.0,4.0,5.0,,1.0,,,,,,1.0,2.0,,1.0,4.0,1.0,1.0,,1.0,,,,,,,1.0,3.0,,,,,3.0,1.0,,,2.0,2.0,2.0,1.0,2.0,1.0,,,,,,,,,,,,1.0,1.0,1.0,1.0,1.0,5.0,,,,2.0,2.0,,4.0,,,5.0,,1.0,2.0,,,1.0,,2.0,1.0,,,2.0,,1.0,,3.0,1.0,3.0,2.0,1.0,,,,1.0,1.0,,6.0,,2.0,,,12.0,,1.0,2.0,1.0,,,,,2.0,,,7.0,,3.0,1.0,2.0,2.0,,,,,1.0,,,,,,,,,1.0,,,,3.0,,,,1.0,,,,,,,,,,,,,1.0,,,,,,,1.0,1.0,,,3.0,,1.0,1.0,,1.0,2.0,,1.0,1.0,,,,,3.0,1.0,,,,,,1.0,2.0,,,3.0,,1.0,,,2.0,,,,,1.0,,,,,2.0,,,4.0,1.0,,,1.0,,,,,,,,1.0,,3.0,1.0,1.0,,,,,1.0,,,,,1.0,,,,2.0,2.0,4.0,,,,2.0,,,,1.0,1.0,,,,1.0,,1.0,2.0,,,,,,,,,,,1.0,,,1.0,,,,,1.0,,,,,,,1.0,,,1.0,,,,1.0,,1.0,1.0,,4.0,1.0,,1.0,,,,1.0,,,,,,1.0,,,,,,,2.0,,1.0,,,,1.0,,,,,,,,,1.0,,1.0,,1.0,,,,,,1.0,,,,,1.0,,1.0,,,,,,,,,,,,,,,,1.0,,,3.0,2.0,,,,1.0,,,1.0,,,,,,4.0,1.0,,,,,1.0,1.0,,,1.0,,,2.0,1.0,,1.0,,,1.0,1.0,,,,,,,,,1.0,,,,,,,1.0,1.0,,,1.0,4.0,,,,,,,,,,,,1.0,2.0,,,,,,1.0,,,,,,,,,,,,,,1.0,1.0,,1.0,,,,1.0,,,,,,,,,,,,,,,,,,,,,,1.0,,,,,,,,2.0,,1.0,1.0,,1.0,,2.0,,3.0,,,1.0,,1.0,,,1.0,,,1.0,,,,1.0,,,,,,1.0,2.0,,,,,1.0,,1.0,,,,,,,1.0,,1.0,,,,,,,,1.0,,,,2.0,,,1.0,,,,,,,,,,,,,,,,3.0,,,,,,,,,1.0,,,,,,,,,1.0,1.0,,1.0,,2.0,1.0,,,,,2.0,,,,,,,,1.0,,1.0,,,,,,,,,,1.0,,,,,,,1.0,,,,,1.0,,1.0,1.0,,,,,,,,,,,,,1.0,,,,,,,,,,,,,,,,,,,,,,,,1.0,,,2.0,,,,,,,1.0,1.0,,,,1.0,,2.0,1.0,,,,,,,,,,,,,,,1.0,,1.0,,,,,,,,,,,,,,,,,,,,,,,,,,,,,,,,,,,1.0,,,,,,,,,,,,1.0,,,,,,,,,,,,,,,,,1.0,,,,,,,,,,,,,,,1.0,,,,,,,,,,,,,,,,,,,,,,,,,,,,,,,,,,,,,,1.0,,,,,,,,,,,,,,1.0,,,,,,,,,,,,,,,,,,,,,,,,,,,,,,,,,,,,,,,,,,,,1.0,,,,,,,,1.0,,,,,2.0,,,1.0,,,,,,,,,,,,,,1.0,,,,,,,,,,,,,,,,,,,,,,,,,,,1.0,,,,,,1.0,,,,,,,,,,,,,,,,,,,,,,,,,,,,,1.0,,,,,,,,,,,,,,,,,,,,,,,,,,1.0,,,,,,,,,,,,1.0,1.0,1.0,1.0,1.0,1.0,1.0,1.0,1.0,1.0,1.0,1.0,1.0,1.0,1.0,2.0,1.0,1.0,1.0,1.0,1.0,1.0,1.0,1.0,1.0,1.0
The Washington Post,Warren,8.0,3.0,32.0,15.0,14.0,13.0,7.0,10.0,19.0,4.0,3.0,5.0,2.0,,2.0,,3.0,,5.0,,4.0,3.0,3.0,1.0,4.0,9.0,4.0,,2.0,1.0,10.0,10.0,14.0,,7.0,5.0,7.0,7.0,6.0,2.0,4.0,,,10.0,5.0,12.0,14.0,6.0,2.0,11.0,5.0,2.0,3.0,27.0,,,6.0,,1.0,10.0,7.0,29.0,6.0,9.0,10.0,,1.0,9.0,2.0,,,1.0,,,3.0,,8.0,4.0,1.0,,2.0,2.0,2.0,3.0,,7.0,2.0,5.0,,2.0,,2.0,,1.0,,,2.0,,4.0,2.0,5.0,1.0,1.0,,4.0,1.0,10.0,16.0,10.0,9.0,1.0,8.0,3.0,7.0,,2.0,,,18.0,5.0,,15.0,3.0,5.0,,14.0,3.0,3.0,2.0,1.0,2.0,,,7.0,,,,3.0,,4.0,1.0,,10.0,6.0,,,1.0,2.0,,2.0,3.0,2.0,1.0,1.0,,,,2.0,,5.0,13.0,7.0,2.0,1.0,6.0,1.0,,11.0,1.0,4.0,1.0,4.0,1.0,,1.0,,7.0,,,3.0,1.0,3.0,4.0,3.0,4.0,1.0,1.0,,5.0,,2.0,1.0,1.0,4.0,1.0,1.0,,3.0,4.0,4.0,,6.0,1.0,,,,1.0,,2.0,6.0,2.0,2.0,1.0,1.0,,2.0,,,10.0,,10.0,15.0,4.0,7.0,1.0,,7.0,,,2.0,,5.0,,5.0,,1.0,,1.0,2.0,,,1.0,2.0,,,7.0,6.0,,,1.0,1.0,,3.0,,1.0,,3.0,,4.0,,3.0,,,,,,,2.0,,6.0,,,3.0,,1.0,,,4.0,,1.0,3.0,,1.0,1.0,2.0,,2.0,,,2.0,,1.0,,,6.0,,20.0,,,,,,,,3.0,,,,,2.0,,3.0,2.0,3.0,3.0,,2.0,,,,,,,1.0,2.0,1.0,3.0,2.0,1.0,,,5.0,1.0,3.0,,,,1.0,,1.0,1.0,,7.0,1.0,6.0,,1.0,,4.0,,4.0,,2.0,,,1.0,3.0,,,,7.0,4.0,2.0,2.0,2.0,,,,,,,1.0,5.0,2.0,,,,,,1.0,,9.0,,1.0,,,1.0,,,6.0,,,8.0,1.0,2.0,3.0,,,12.0,,,,,,,,2.0,,,,3.0,,,2.0,2.0,9.0,,4.0,2.0,,3.0,1.0,,,1.0,,1.0,,3.0,,,3.0,3.0,,1.0,,,3.0,,,,,,3.0,,,3.0,,,1.0,,,1.0,,,2.0,,3.0,,,,3.0,1.0,1.0,,,,,6.0,,2.0,,,,3.0,,,,,1.0,,1.0,1.0,1.0,,1.0,,1.0,,2.0,,,5.0,,,,3.0,2.0,,,2.0,,,2.0,,,,1.0,,,,,,,,1.0,2.0,,,,,1.0,,8.0,3.0,3.0,,,2.0,,1.0,3.0,,,1.0,1.0,,,,,,3.0,,2.0,,,,,,2.0,2.0,,1.0,4.0,,2.0,1.0,,3.0,1.0,,1.0,9.0,,2.0,,1.0,,1.0,1.0,,,1.0,,,2.0,,,,3.0,2.0,2.0,,,,1.0,1.0,,,1.0,1.0,,1.0,,1.0,1.0,1.0,,,,1.0,4.0,,6.0,,,,,1.0,,,1.0,,,,,,,,,,,2.0,,,1.0,,,,1.0,4.0,1.0,,1.0,1.0,,,1.0,,1.0,,,1.0,,1.0,,,,,,,,,2.0,,,,,1.0,,2.0,,,,,,,2.0,,4.0,,1.0,,,1.0,,,,,,,2.0,,,1.0,,,,,,2.0,6.0,,3.0,,2.0,1.0,5.0,,,1.0,1.0,,,,3.0,2.0,,,5.0,1.0,1.0,,,,,,,,,,,1.0,1.0,,1.0,,,2.0,,1.0,,,1.0,,,,2.0,,,,,,,,,,,1.0,,,,,,,1.0,,,,1.0,,1.0,1.0,,,1.0,3.0,1.0,,2.0,,,,6.0,,,,3.0,1.0,,1.0,,,,,,1.0,,,,1.0,,,,,2.0,,,,,,1.0,,,,,2.0,,,,,,,,,,,,,,1.0,,,,,1.0,,,,,,,,2.0,,1.0,1.0,,,,,,1.0,2.0,,,2.0,,,,,,,1.0,,,1.0,1.0,,,,,,,,1.0,,,,,,,,1.0,1.0,,,,,,,,,,2.0,,4.0,,,,,,,,,,,,,,,1.0,,,,,1.0,,,,,,,,,,3.0,,1.0,,,,1.0,1.0,,,,,,,,1.0,,3.0,,,,,,,,,,1.0,,,,1.0,,,,,1.0,,,1.0,,,,,,,1.0,,,,,1.0,,,,1.0,,,,,,,,,,,,2.0,,,1.0,,,,,,1.0,,,,,,,2.0,,,,,,,1.0,,,,,2.0,,,1.0,,,,,,,,,1.0,1.0,,,,,,1.0,,,1.0,,,,1.0,,,,,2.0,,,,,,,,,,1.0,,,,,,,,,,,1.0,,1.0,,,,,,,,1.0,,,,2.0,1.0,,1.0,,,1.0,,,1.0,1.0,3.0,1.0,1.0,1.0,2.0,2.0,2.0,2.0,2.0,1.0,2.0,1.0,2.0,2.0,1.0,1.0,2.0,1.0,1.0,1.0,1.0,1.0,1.0,2.0,1.0,,,,,,,,,,,,,,,,,,,,,,,,,,
